date, pm25, pm10, o3, no2, so2, co
2020/8/2, 28, , 48, , 2, 3
2020/8/3, 26, , 43, , 3, 5
2020/8/4, 45, , 47, , 3, 5
2020/8/5, 41, , 40, , 4, 5
2020/8/6, 34, , 35, , 3, 6
2020/8/7, 31, , 37, , 4, 3
2020/8/8, 35, , 39, , 2, 3
2020/8/9, 27, , 37, , 2, 3
2020/8/10, 24, , 41, , 3, 4
2020/8/11, 37, , 49, , 5, 5
2020/8/12, 51, , 40, , 5, 7
2020/8/13, 58, , 37, , 4, 7
2020/8/14, 53, , 41, , 4, 7
2020/8/15, 48, , 36, , 3, 7
2020/8/16, 52, , 57, , 2, 6
2020/8/17, 36, , 54, , 5, 7
2020/8/18, 56, , 39, , 2, 5
2020/8/19, 47, , 40, , 2, 3
2020/8/20, 45, , 32, , 3, 5
2020/8/21, 45, , 32, , 3, 4
2020/8/22, 39, , 54, , 4, 6
2020/8/23, 44, , 65, , 2, 5
2020/8/24, 48, , 60, , 4, 6
2020/8/25, 53, , 47, , 4, 5
2020/8/26, 54, , 46, , 4, 5
2020/8/27, 53, , 58, , 4, 4
2020/8/28, 45, , 45, , 4, 6
2020/8/29, 56, , , , , 
2020/7/2, 55, , 25, , 4, 7
2020/7/3, 59, , 22, , 2, 4
2020/7/4, 66, , 25, , 2, 
2020/7/7, 51, , 30, , 4, 
2020/7/8, 57, , 32, , 6, 
2020/7/9, 63, , 35, , 6, 
2020/7/10, 58, , 37, , 5, 4
2020/7/11, 50, , 47, , 4, 6
2020/7/12, 57, , 56, , 3, 3
2020/7/13, 47, , 31, , 3, 6
2020/7/14, 39, , 45, , 6, 7
2020/7/15, 44, , 40, , 3, 3
2020/7/16, 31, , 49, , 3, 2
2020/7/17, 32, , 61, , 3, 2
2020/7/18, 37, , 44, , 2, 2
2020/7/19, 29, , 38, , 2, 2
2020/7/20, 30, , 34, , 3, 3
2020/7/21, 37, , 39, , 5, 6
2020/7/22, 46, , 33, , 5, 6
2020/7/23, 66, , 35, , 4, 5
2020/7/24, 42, , 32, , 4, 8
2020/7/25, 52, , 33, , 4, 8
2020/7/26, 52, , 37, , 2, 7
2020/7/27, 33, , 33, , 3, 7
2020/7/28, 37, , 37, , 7, 4
2020/7/29, 48, , 33, , 6, 6
2020/7/30, 49, , 32, , 5, 5
2020/7/31, 42, , 36, , 3, 4
2020/8/1, 27, , 40, , 2, 4
2020/6/2, 38, , 25, , 2, 5
2020/6/3, 38, , 27, , 3, 6
2020/6/4, 44, , 43, , 3, 6
2020/6/5, 44, , 26, , 3, 6
2020/6/6, 40, , 44, , 2, 4
2020/6/7, 33, , 36, , 2, 3
2020/6/8, 30, , 36, , 2, 5
2020/6/9, 29, , 43, , 3, 7
2020/6/10, 43, , 45, , 3, 8
2020/6/11, 57, , 68, , 3, 6
2020/6/12, 55, , 27, , 3, 8
2020/6/13, 68, , 38, , 5, 9
2020/6/14, 75, , 28, , 2, 6
2020/6/15, 34, , 25, , 2, 6
2020/6/16, 23, , 27, , 4, 8
2020/6/17, 49, , 32, , 3, 6
2020/6/18, 48, , 34, , 3, 5
2020/6/19, 41, , 26, , 3, 7
2020/6/20, 49, , 21, , 2, 5
2020/6/21, 34, , 29, , 2, 4
2020/6/22, 25, , 30, , 3, 5
2020/6/23, 33, , 29, , 5, 6
2020/6/24, 43, , 35, , 4, 7
2020/6/25, 53, , 29, , 4, 7
2020/6/26, 51, , 25, , 4, 8
2020/6/27, 46, , 42, , 3, 7
2020/6/28, 45, , 40, , 2, 7
2020/6/29, 53, , 31, , 4, 8
2020/6/30, 53, , 44, , 3, 7
2020/7/1, 52, , 34, , 3, 7
2020/5/2, 47, , 25, , 1, 5
2020/5/3, 38, , 29, , 1, 5
2020/5/4, 35, , 30, , 2, 5
2020/5/5, 48, , 25, , 2, 5
2020/5/6, 38, , 31, , 2, 5
2020/5/7, 39, , 30, , 2, 5
2020/5/8, 37, , 30, , 1, 4
2020/5/9, 31, , 26, , 1, 4
2020/5/10, 33, , 29, , 1, 5
2020/5/11, 41, , 31, , 1, 5
2020/5/12, 38, , 24, , 1, 5
2020/5/13, 31, , 25, , 2, 4
2020/5/14, 43, , 47, , 4, 9
2020/5/15, 66, , 40, , 2, 4
2020/5/16, 45, , 27, , 1, 3
2020/5/17, 26, , 11, , 2, 1
2020/5/18, 26, , 28, , 2, 1
2020/5/19, 35, , 13, , 5, 9
2020/5/20, 40, , , , , 
2020/5/23, 40, , 29, , 2, 6
2020/5/24, 36, , 29, , 2, 3
2020/5/25, 22, , 26, , 1, 5
2020/5/26, 22, , 26, , 2, 4
2020/5/27, 22, , 31, , 2, 4
2020/5/28, 30, , 37, , 2, 7
2020/5/29, 48, , 29, , 2, 6
2020/5/30, 38, , 27, , 1, 4
2020/5/31, 26, , 31, , 1, 3
2020/6/1, 28, , 28, , 2, 5
2020/4/2, 29, , 37, , 1, 4
2020/4/3, 34, , 38, , 1, 3
2020/4/4, 25, , 37, , 1, 3
2020/4/5, 37, , 33, , 1, 3
2020/4/6, 37, , 37, , 1, 3
2020/4/7, 28, , 36, , 1, 3
2020/4/8, 29, , 39, , 1, 3
2020/4/9, 32, , 36, , 1, 3
2020/4/10, 41, , 45, , 1, 4
2020/4/11, 41, , 31, , 1, 3
2020/4/12, 25, , 36, , 1, 4
2020/4/13, 38, , 39, , 1, 4
2020/4/14, 24, , 33, , 1, 4
2020/4/15, 21, , 34, , , 5
2020/4/16, 22, , 38, , 1, 5
2020/4/17, 44, , 66, , 2, 6
2020/4/18, 61, , 55, , 1, 5
2020/4/19, 49, , 40, , 1, 4
2020/4/20, 36, , 38, , 1, 4
2020/4/21, 36, , 39, , 1, 4
2020/4/22, 43, , 44, , 1, 4
2020/4/23, 38, , 33, , 1, 4
2020/4/24, 35, , 35, , 1, 3
2020/4/25, 32, , 39, , 1, 4
2020/4/26, 32, , 43, , 1, 5
2020/4/27, 43, , 41, , 2, 6
2020/4/28, 39, , 34, , 2, 5
2020/4/29, 47, , 39, , 1, 5
2020/4/30, 50, , 39, , 1, 5
2020/5/1, 42, , 22, , 1, 5
2020/3/2, 59, , 43, , 3, 9
2020/3/3, 62, , 45, , 3, 7
2020/3/4, 57, , 50, , 3, 7
2020/3/5, 58, , 32, , 3, 7
2020/3/6, 57, , 25, , 4, 11
2020/3/7, 74, , 38, , 2, 8
2020/3/8, 59, , 51, , 2, 8
2020/3/9, 49, , 45, , 4, 8
2020/3/10, 73, , 38, , 3, 10
2020/3/11, 75, , 34, , 4, 11
2020/3/12, 74, , 35, , 4, 10
2020/3/13, 70, , 38, , 3, 8
2020/3/14, 53, , 30, , 2, 7
2020/3/15, 41, , 42, , 1, 6
2020/3/16, 32, , 30, , 2, 7
2020/3/17, 35, , 52, , 1, 4
2020/3/18, 32, , 56, , 1, 3
2020/3/19, 47, , 51, , 1, 3
2020/3/20, 36, , 33, , 1, 3
2020/3/21, 22, , 35, , 1, 2
2020/3/22, 25, , 34, , 1, 3
2020/3/23, 32, , 55, , 1, 3
2020/3/24, 59, , 63, , 1, 3
2020/3/25, 70, , 58, , 2, 3
2020/3/26, 75, , 57, , 1, 3
2020/3/27, 50, , 42, , 1, 3
2020/3/28, 43, , 51, , 1, 3
2020/3/29, 26, , 62, , 1, 4
2020/3/30, 41, , 50, , 1, 4
2020/3/31, 61, , 42, , 1, 4
2020/4/1, 48, , 37, , 0, 3
2020/2/2, 79, , 45, , 3, 7
2020/2/3, 54, , 42, , 3, 8
2020/2/4, 59, , 41, , 3, 8
2020/2/5, 64, , 57, , 4, 8
2020/2/6, 73, , 53, , 4, 8
2020/2/7, 70, , 31, , 3, 8
2020/2/8, 68, , , , , 
2020/2/13, 84, , 50, , 3, 7
2020/2/14, 72, , 49, , 5, 9
2020/2/15, 78, , 50, , 3, 6
2020/2/16, 39, , 47, , 3, 6
2020/2/17, 48, , 31, , 2, 6
2020/2/18, 41, , 32, , 2, 6
2020/2/19, 41, , 34, , 3, 3
2020/2/20, 47, , 45, , 3, 6
2020/2/21, 61, , 26, , 3, 8
2020/2/22, 64, , 26, , 3, 8
2020/2/23, 64, , 65, , 2, 8
2020/2/24, 53, , 33, , 2, 7
2020/2/25, 53, , 39, , 2, 7
2020/2/26, 51, , 24, , 2, 8
2020/2/27, 51, , 36, , 2, 8
2020/2/28, 55, , 43, , 3, 10
2020/2/29, 57, , 52, , 4, 10
2020/3/1, 64, , 59, , 3, 8
2020/1/2, 45, , 17, , 2, 7
2020/1/3, 44, , 21, , 3, 9
2020/1/4, 58, , 39, , 3, 8
2020/1/5, 59, , 29, , 2, 5
2020/1/6, 38, , 22, , 2, 7
2020/1/7, 53, , 32, , 4, 8
2020/1/8, 66, , 45, , 4, 6
2020/1/9, 65, , 29, , 4, 6
2020/1/10, 52, , 23, , 3, 5
2020/1/11, 40, , 23, , 3, 5
2020/1/12, 48, , 22, , 3, 4
2020/1/13, 29, , 25, , 3, 5
2020/1/14, 38, , 32, , 4, 5
2020/1/15, 56, , 25, , 5, 6
2020/1/16, 68, , 20, , 3, 6
2020/1/17, 44, , 23, , 3, 5
2020/1/18, 37, , 20, , 2, 4
2020/1/19, 30, , 21, , 2, 4
2020/1/20, 28, , 16, , 2, 8
2020/1/21, 59, , 14, , 2, 7
2020/1/22, 50, , 19, , 2, 7
2020/1/23, 48, , 34, , 2, 6
2020/1/24, 45, , 35, , 2, 7
2020/1/25, 48, , 40, , 3, 9
2020/1/26, 58, , 35, , 2, 7
2020/1/27, 53, , 32, , 2, 7
2020/1/28, 47, , 21, , 3, 8
2020/1/29, 58, , 19, , 2, 6
2020/1/30, 62, , 34, , 4, 10
2020/1/31, 79, , 52, , 3, 8
2020/2/1, 68, , 19, , 4, 11
2019/10/2, 81, , 32, , 5, 5
2019/10/3, 69, , 27, , 7, 5
2019/10/4, 66, , 34, , 4, 5
2019/10/5, 54, , 36, , 5, 6
2019/10/6, 56, , 30, , 2, 5
2019/10/7, 46, , 29, , 5, 6
2019/10/8, 43, , 32, , 7, 6
2019/10/9, 67, , 37, , 3, 6
2019/10/10, 62, , 31, , 2, 6
2019/10/11, 43, , 28, , 2, 7
2019/10/12, 56, , 35, , 4, 7
2019/10/13, 80, , 28, , 2, 7
2019/10/14, 58, , 32, , 2, 7
2019/10/15, 52, , 26, , 6, 6
2019/10/16, 73, , 26, , 5, 5
2019/10/17, 67, , 29, , 4, 8
2019/10/18, 72, , 32, , 4, 9
2019/10/19, 89, , 1, , 2, 9
2019/10/20, 63, , , , , 
2019/10/23, 46, , 23, , 5, 6
2019/10/24, 57, , 25, , 6, 9
2019/10/25, 72, , 26, , 6, 11
2019/10/26, 82, , 23, , 5, 11
2019/10/27, 73, , 33, , 3, 7
2019/10/28, 62, , 35, , 3, 6
2019/10/29, 55, , 31, , 4, 7
2019/10/30, 60, , 25, , 4, 9
2019/10/31, 71, , 35, , 3, 8
2019/11/1, 70, , 38, , 2, 7
2019/11/2, 55, , 37, , 2, 6
2019/11/3, 43, , 37, , 2, 6
2019/11/4, 52, , 34, , 2, 5
2019/11/5, 44, , 35, , 3, 8
2019/11/6, 48, , 34, , 2, 7
2019/11/7, 57, , 32, , 5, 7
2019/11/8, 62, , 33, , 4, 7
2019/11/9, 59, , 14, , 3, 5
2019/11/10, 61, , , , , 
2019/11/12, 51, , 20, , 3, 8
2019/11/13, 64, , 19, , 2, 8
2019/11/14, 57, , 23, , 2, 7
2019/11/15, 47, , 13, , 3, 10
2019/11/16, 59, , 19, , 2, 9
2019/11/17, 56, , 27, , 2, 7
2019/11/18, 42, , 24, , 3, 9
2019/11/19, 62, , 20, , 4, 12
2019/11/20, 76, , 32, , 3, 10
2019/11/21, 65, , 20, , 3, 8
2019/11/22, 56, , 30, , 2, 8
2019/11/23, 58, , 31, , 3, 11
2019/11/24, 69, , 36, , 2, 9
2019/11/25, 56, , 30, , 4, 9
2019/11/26, 58, , 21, , 5, 10
2019/11/27, 58, , 17, , 4, 5
2019/11/28, 55, , 21, , 4, 5
2019/11/29, 67, , 23, , 3, 7
2019/11/30, 78, , , , , 
2019/12/3, 61, , 21, , 3, 9
2019/12/4, 61, , 28, , 5, 7
2019/12/5, 66, , , , , 
2019/12/6, 67, , , , , 
2019/12/7, 65, , , , , 
2019/12/8, 47, , , , , 
2019/12/9, 42, , 12, , 4, 11
2019/12/10, 72, , 17, , 2, 7
2019/12/11, 55, , 32, , 3, 5
2019/12/12, 60, , 24, , 3, 6
2019/12/13, 58, , 25, , 5, 8
2019/12/14, 88, , 29, , 3, 7
2019/12/15, 75, , 37, , 4, 8
2019/12/16, 73, , 31, , 4, 7
2019/12/17, 65, , 34, , 3, 5
2019/12/18, 58, , 23, , 4, 8
2019/12/19, 79, , 17, , 3, 8
2019/12/20, 70, , 21, , 4, 9
2019/12/21, 74, , 27, , 4, 10
2019/12/22, 70, , 25, , 3, 8
2019/12/23, 56, , 24, , 3, 6
2019/12/24, 54, , 26, , 3, 8
2019/12/25, 50, , 32, , 3, 6
2019/12/26, 47, , 25, , 3, 5
2019/12/27, 43, , 25, , 3, 7
2019/12/28, 54, , 27, , 3, 7
2019/12/29, 57, , 31, , 2, 6
2019/12/30, 50, , , , , 
2019/7/2, 39, , 21, , 5, 9
2019/7/3, 69, , 29, , 5, 9
2019/7/4, 79, , 23, , 6, 7
2019/7/5, 59, , 24, , 7, 5
2019/7/6, 55, , 21, , 3, 2
2019/7/7, 27, , 20, , 2, 2
2019/7/8, 23, , 21, , 3, 4
2019/7/9, 44, , 25, , 4, 5
2019/7/10, 41, , 24, , 2, 5
2019/7/11, 29, , 23, , 4, 9
2019/7/12, 61, , 11, , 7, 12
2019/7/13, 77, , 23, , 5, 10
2019/7/14, 61, , 21, , 2, 7
2019/7/15, 48, , 21, , 3, 8
2019/7/16, 51, , 27, , 4, 6
2019/7/17, 40, , 25, , 3, 4
2019/7/18, 45, , 23, , 3, 4
2019/7/19, 39, , 25, , 2, 4
2019/7/20, 29, , 24, , 3, 4
2019/7/21, 29, , 26, , 2, 3
2019/7/22, 30, , 23, , 3, 5
2019/7/23, 62, , 15, , 3, 7
2019/7/24, 72, , 24, , 3, 6
2019/7/25, 58, , 22, , 4, 8
2019/7/26, 77, , 28, , 3, 6
2019/7/27, 43, , 28, , 3, 6
2019/7/28, 40, , 24, , 2, 6
2019/7/29, 29, , 35, , 3, 5
2019/7/30, 40, , 33, , 3, 4
2019/7/31, 47, , 31, , 1, 4
2019/8/1, 36, , 28, , 2, 6
2019/8/2, 55, , 27, , 3, 8
2019/8/3, 73, , 32, , 1, 6
2019/8/4, 48, , 28, , 1, 6
2019/8/5, 28, , 38, , 1, 6
2019/8/6, 42, , 35, , 2, 5
2019/8/7, 45, , 34, , 2, 4
2019/8/8, 43, , 33, , 2, 4
2019/8/9, 39, , 29, , 2, 5
2019/8/10, 48, , 28, , 1, 5
2019/8/11, 36, , 29, , 1, 5
2019/8/12, 41, , 34, , 1, 4
2019/8/13, 38, , 29, , 1, 5
2019/8/14, 35, , 45, , 1, 6
2019/8/15, 79, , 47, , 1, 5
2019/8/16, 89, , 44, , 2, 5
2019/8/17, 53, , 38, , 3, 6
2019/8/18, 59, , 30, , 1, 4
2019/8/19, 37, , 29, , 1, 4
2019/8/20, 46, , 27, , 1, 3
2019/8/21, 38, , 34, , 1, 2
2019/8/22, 34, , 35, , 2, 5
2019/8/23, 40, , 35, , 2, 5
2019/8/24, 41, , 31, , 1, 4
2019/8/25, 37, , 35, , 1, 3
2019/8/26, 38, , 38, , 2, 3
2019/8/27, 41, , 32, , 2, 4
2019/8/28, 36, , 31, , 1, 3
2019/8/29, 33, , 34, , 1, 3
2019/8/30, 35, , 43, , 2, 6
2019/8/31, 41, , 35, , 2, 7
2019/9/1, 51, , 24, , 2, 6
2019/9/2, 41, , 39, , 3, 7
2019/9/3, 57, , 37, , 3, 6
2019/9/4, 84, , 29, , 2, 5
2019/9/5, 78, , 30, , 3, 4
2019/9/6, 70, , 30, , 3, 3
2019/9/7, 44, , 36, , 2, 3
2019/9/8, 36, , 42, , 2, 2
2019/9/9, 40, , 32, , 2, 3
2019/9/10, 45, , 36, , 4, 3
2019/9/11, 62, , 28, , 5, 4
2019/9/12, 69, , 27, , 4, 5
2019/9/13, 108, , 35, , 4, 3
2019/9/14, 113, , 29, , 2, 4
2019/9/15, 69, , 30, , 2, 3
2019/9/16, 56, , 36, , 4, 4
2019/9/17, 63, , 29, , 4, 4
2019/9/18, 78, , 30, , 3, 4
2019/9/19, 87, , 32, , 2, 5
2019/9/20, 84, , 37, , 5, 7
2019/9/21, 87, , 20, , 6, 10
2019/9/22, 92, , , , , 
2019/9/24, 55, , 35, , 5, 8
2019/9/25, 62, , 38, , 4, 6
2019/9/26, 63, , 40, , 5, 7
2019/9/27, 69, , 37, , 4, 6
2019/9/28, 62, , 33, , 5, 6
2019/9/29, 73, , 34, , 3, 6
2019/9/30, 54, , 31, , 4, 7
2019/10/1, 62, , 41, , 7, 7
2019/4/2, 66, , 23, , 3, 9
2019/4/3, 55, , 19, , 5, 13
2019/4/4, 72, , 8, , 3, 8
2019/4/5, 57, , 22, , 3, 7
2019/4/6, 60, , 19, , 3, 7
2019/4/7, 44, , , , , 
2019/4/9, 48, , 16, , 11, 4
2019/4/10, 37, , 27, , 9, 7
2019/4/11, 64, , 29, , 4, 8
2019/4/12, 61, , 34, , 5, 8
2019/4/13, 57, , 30, , 4, 8
2019/4/14, 55, , 28, , 3, 7
2019/4/15, 47, , 22, , 3, 8
2019/4/16, 57, , 16, , 6, 7
2019/4/17, 50, , 4, , , 12
2019/4/19, 61, , 19, , 4, 10
2019/4/20, 57, , 25, , 4, 6
2019/4/21, 74, , 18, , 3, 
2019/4/22, 65, , 3, , 6, 15
2019/4/23, 39, , 25, , 6, 12
2019/4/24, 64, , 19, , 6, 13
2019/4/25, 57, , 19, , 9, 11
2019/4/26, 63, , 23, , 8, 8
2019/4/27, 54, , 21, , 8, 10
2019/4/28, 60, , 25, , 4, 5
2019/4/29, 30, , 21, , 6, 7
2019/4/30, 49, , 21, , 6, 8
2019/5/1, 45, , 35, , 5, 9
2019/5/2, 45, , 27, , 5, 10
2019/5/3, 44, , 28, , 7, 
2019/5/4, 48, , 4, , 8, 
2019/5/5, 40, , , , , 
2019/5/7, 39, , 19, , 5, 8
2019/5/8, 55, , 17, , 5, 6
2019/5/9, 61, , 18, , 5, 6
2019/5/10, 54, , 8, , 4, 7
2019/5/11, 62, , 30, , 5, 6
2019/5/12, 67, , 25, , 4, 5
2019/5/13, 61, , 9, , 6, 10
2019/5/14, 80, , 18, , 4, 9
2019/5/15, 65, , 20, , 4, 8
2019/5/16, 48, , 27, , 3, 7
2019/5/17, 56, , 22, , 2, 8
2019/5/18, 66, , 24, , 3, 7
2019/5/19, 44, , 13, , 1, 8
2019/5/20, 38, , 18, , 4, 11
2019/5/21, 68, , 24, , 3, 6
2019/5/22, 71, , 21, , 4, 7
2019/5/23, 67, , 21, , 5, 7
2019/5/24, 67, , 25, , 4, 5
2019/5/25, 52, , 27, , 3, 4
2019/5/26, 48, , 22, , 3, 6
2019/5/27, 45, , 28, , 4, 6
2019/5/28, 66, , 22, , 5, 7
2019/5/29, 59, , 23, , 3, 8
2019/5/30, 62, , 18, , 2, 7
2019/5/31, 61, , 19, , 2, 7
2019/6/1, 48, , 29, , 1, 7
2019/6/2, 53, , 22, , 2, 8
2019/6/3, 45, , 22, , 2, 7
2019/6/4, 40, , 21, , 3, 7
2019/6/5, 41, , 22, , 2, 6
2019/6/6, 39, , 24, , 3, 7
2019/6/7, 46, , 26, , 3, 7
2019/6/8, 64, , 25, , 3, 7
2019/6/9, 57, , 22, , 2, 6
2019/6/10, 41, , 18, , 2, 7
2019/6/11, 53, , 14, , 4, 9
2019/6/12, 71, , 15, , 6, 10
2019/6/13, 75, , 11, , 5, 10
2019/6/14, 84, , 15, , 4, 10
2019/6/15, 88, , 23, , 2, 6
2019/6/16, 65, , 22, , 2, 5
2019/6/17, 45, , 21, , , 4
2019/6/18, 32, , 22, , 1, 4
2019/6/19, 27, , 27, , 1, 5
2019/6/20, 35, , 19, , 2, 7
2019/6/21, 47, , 22, , , 4
2019/6/22, 22, , 24, , , 4
2019/6/23, 30, , 21, , , 4
2019/6/24, 26, , 22, , 1, 7
2019/6/25, 57, , 26, , 5, 9
2019/6/29, 29, , 21, , 6, 4
2019/6/30, 41, , 23, , , 1
2019/7/1, 23, , 26, , 1, 4
2019/1/2, 49, , 20, , 4, 3
2019/1/3, 36, , 20, , 4, 4
2019/1/4, 39, , 18, , 5, 6
2019/1/5, 46, , 26, , 5, 6
2019/1/6, 59, , 24, , 5, 8
2019/1/7, 62, , 16, , 4, 10
2019/1/8, 70, , 13, , 3, 9
2019/1/9, 50, , 18, , 7, 10
2019/1/10, 70, , 14, , 3, 6
2019/1/11, 44, , 20, , 4, 5
2019/1/12, 51, , 29, , 3, 4
2019/1/13, 54, , 10, , 2, 3
2019/1/14, 50, , 25, , 4, 6
2019/1/15, 60, , 25, , 6, 8
2019/1/16, 72, , 22, , 7, 9
2019/1/17, 80, , 23, , 7, 8
2019/1/18, 69, , 25, , 7, 8
2019/1/19, 54, , 22, , 5, 7
2019/1/20, 56, , 20, , 3, 6
2019/1/21, 40, , 21, , 4, 8
2019/1/22, 53, , 24, , 4, 6
2019/1/23, 45, , 22, , 4, 6
2019/1/24, 43, , 20, , 5, 7
2019/1/25, 47, , 24, , 5, 13
2019/1/26, 57, , 26, , 5, 11
2019/1/27, 51, , 27, , 3, 12
2019/1/28, 47, , 21, , 3, 9
2019/1/29, 43, , 25, , 3, 7
2019/1/30, 58, , 28, , 4, 7
2019/1/31, 53, , 21, , 4, 9
2019/2/1, 65, , 25, , 3, 8
2019/2/2, 49, , 27, , 3, 7
2019/2/3, 50, , 28, , 3, 6
2019/2/4, 39, , 20, , 4, 10
2019/2/5, 55, , 19, , 4, 8
2019/2/6, 56, , 21, , 6, 9
2019/2/7, 69, , 14, , 4, 9
2019/2/8, 70, , 25, , 4, 10
2019/2/9, 69, , 22, , 3, 8
2019/2/10, 55, , 25, , 3, 7
2019/2/11, 49, , 22, , 4, 8
2019/2/12, 54, , 26, , 5, 9
2019/2/13, 59, , 21, , 5, 7
2019/2/14, 54, , 22, , 7, 11
2019/2/15, 73, , 15, , 7, 11
2019/2/16, 74, , 36, , 7, 8
2019/2/17, 80, , 35, , 4, 7
2019/2/18, 64, , 21, , 3, 9
2019/2/19, 63, , 19, , 4, 8
2019/2/20, 58, , 21, , 6, 8
2019/2/21, 65, , 21, , 6, 8
2019/2/22, 62, , 27, , 6, 8
2019/2/23, 61, , 28, , 4, 8
2019/2/24, 70, , 14, , 3, 7
2019/2/25, 30, , 23, , 4, 9
2019/2/26, 53, , 19, , 6, 10
2019/2/27, 74, , 31, , 4, 10
2019/2/28, 56, , 32, , 4, 9
2019/3/1, 56, , 28, , 4, 8
2019/3/2, 56, , , , , 
2019/3/3, 65, , 31, , 3, 6
2019/3/4, 68, , 29, , 3, 5
2019/3/5, 49, , 33, , 3, 5
2019/3/6, 69, , 36, , 5, 8
2019/3/7, 74, , 35, , 8, 11
2019/3/8, 84, , 38, , 6, 9
2019/3/9, 63, , 30, , 4, 6
2019/3/10, 49, , 25, , 3, 5
2019/3/11, 35, , 24, , 4, 7
2019/3/12, 50, , 24, , 5, 9
2019/3/13, 68, , 19, , 7, 12
2019/3/14, 85, , 32, , 5, 10
2019/3/15, 71, , 31, , 4, 9
2019/3/16, 61, , 34, , 5, 12
2019/3/17, 56, , 33, , 4, 13
2019/3/18, 60, , 35, , 3, 11
2019/3/19, 65, , 21, , 3, 8
2019/3/20, 59, , 24, , 6, 16
2019/3/21, 78, , 28, , 3, 10
2019/3/22, 59, , 26, , 6, 11
2019/3/23, 62, , 35, , 9, 17
2019/3/24, 86, , 36, , 6, 17
2019/3/25, 83, , 38, , 7, 11
2019/3/26, 94, , 23, , 2, 6
2019/3/27, 78, , 37, , 4, 10
2019/3/28, 78, , 34, , 3, 11
2019/3/29, 61, , 19, , 4, 13
2019/3/30, 79, , 23, , 8, 20
2019/3/31, 82, , 33, , 4, 14
2019/4/1, 55, , 6, , 3, 13
2018/10/2, 86, , 35, , 11, 7
2018/10/3, 99, , 36, , 11, 8
2018/10/4, 81, , 23, , 21, 10
2018/10/5, 93, , 32, , 21, 10
2018/10/6, 104, , 32, , 12, 12
2018/10/7, 96, , 30, , 9, 11
2018/10/8, 91, , , , , 
2018/10/9, 68, , 2, , 11, 8
2018/10/10, 81, , 17, , 13, 8
2018/10/11, 85, , 21, , 13, 7
2018/10/12, 85, , 26, , 12, 7
2018/10/13, 81, , 33, , 12, 6
2018/10/14, 75, , 31, , 6, 6
2018/10/15, 70, , 38, , 10, 7
2018/10/16, 81, , 31, , 14, 7
2018/10/17, 89, , 34, , 14, 8
2018/10/18, 106, , 22, , 13, 7
2018/10/19, 115, , 33, , 14, 7
2018/10/20, 122, , 33, , 8, 1
2018/10/21, 84, , 41, , 7, 
2018/10/22, 70, , 34, , 10, 8
2018/10/23, 87, , 28, , 9, 7
2018/10/24, 87, , 34, , 12, 6
2018/10/25, 87, , 25, , 24, 6
2018/10/26, 110, , 25, , 14, 6
2018/10/27, 96, , 24, , 8, 8
2018/10/28, 79, , 31, , 6, 6
2018/10/29, 75, , 29, , 7, 7
2018/10/30, 73, , 32, , 6, 7
2018/10/31, 76, , 24, , 10, 11
2018/11/1, 90, , 28, , 8, 9
2018/11/2, 62, , 34, , 8, 9
2018/11/3, 63, , 27, , 5, 8
2018/11/4, 59, , 26, , 4, 8
2018/11/5, 50, , 20, , 11, 7
2018/11/6, 60, , 26, , 17, 5
2018/11/7, 71, , 29, , 9, 8
2018/11/8, 74, , 23, , 10, 6
2018/11/9, 65, , 20, , 8, 8
2018/11/10, 67, , 21, , 5, 6
2018/11/11, 60, , , , , 
2018/11/13, 70, , 22, , 6, 6
2018/11/14, 64, , 21, , 2, 6
2018/11/15, 69, , 22, , 8, 8
2018/11/16, 65, , 20, , 7, 11
2018/11/17, 69, , 24, , 13, 10
2018/11/18, 85, , , , , 
2018/11/20, 64, , 25, , 9, 9
2018/11/21, 76, , 23, , 7, 9
2018/11/22, 77, , 24, , 5, 11
2018/11/23, 78, , 27, , 5, 10
2018/11/24, 63, , 28, , 5, 11
2018/11/25, 73, , 22, , 3, 8
2018/11/26, 60, , 13, , 5, 11
2018/11/27, 59, , 10, , 4, 11
2018/11/28, 63, , 27, , 6, 12
2018/11/29, 70, , 13, , 8, 14
2018/11/30, 80, , 13, , 5, 13
2018/12/1, 65, , 18, , 5, 13
2018/12/2, 63, , 29, , 4, 11
2018/12/3, 55, , 17, , 5, 11
2018/12/4, 69, , 22, , 5, 9
2018/12/5, 80, , 22, , 6, 9
2018/12/6, 82, , 29, , 5, 11
2018/12/7, 77, , 28, , 5, 11
2018/12/8, 69, , 24, , 4, 10
2018/12/9, 66, , 23, , 4, 9
2018/12/10, 48, , 17, , 6, 10
2018/12/11, 60, , 16, , 6, 6
2018/12/12, 71, , 16, , 5, 3
2018/12/13, 56, , 19, , 6, 8
2018/12/14, 60, , , , 5, 9
2018/12/15, 69, , 21, , 8, 5
2018/12/16, 60, , 29, , 6, 1
2018/12/17, 50, , 17, , 6, 5
2018/12/18, 64, , 22, , 7, 6
2018/12/19, 69, , 18, , 6, 8
2018/12/20, 73, , 17, , 8, 7
2018/12/21, 65, , 20, , 6, 9
2018/12/22, 73, , , , , 
2018/12/24, 42, , 19, , 3, 5
2018/12/25, 51, , 21, , 3, 3
2018/12/26, 37, , 17, , 3, 4
2018/12/27, 41, , 24, , 4, 6
2018/12/28, 48, , 25, , 4, 6
2018/12/29, 47, , 27, , 4, 5
2018/12/30, 44, , 28, , 3, 5
2018/12/31, 42, , , , , 
2018/7/2, 30, , , , , 
2018/7/3, 64, , , , , 
2018/7/4, 48, , , , , 
2018/7/5, 42, , , , , 
2018/7/6, 43, , , , , 
2018/7/7, 41, , , , , 
2018/7/8, 46, , , , , 
2018/7/11, 49, , , , , 
2018/7/12, 42, , , , , 
2018/7/13, 45, , , , , 
2018/7/14, 36, , , , , 
2018/7/15, 47, , , , , 
2018/7/16, 30, , , , , 
2018/7/17, 40, , , , , 
2018/7/18, 41, , , , , 
2018/7/19, 54, , , , , 
2018/7/20, 56, , , , , 
2018/7/21, 73, , , , , 
2018/7/22, 66, , , , , 
2018/7/23, 53, , , , , 
2018/7/24, 49, , , , , 
2018/7/25, 48, , , , , 
2018/7/26, 60, , , , , 
2018/7/27, 63, , , , , 
2018/7/28, 66, , , , , 
2018/7/29, 55, , , , , 
2018/7/30, 58, , , , , 
2018/7/31, 52, , , , , 
2018/8/1, 67, , , , , 
2018/8/2, 55, , , , , 
2018/8/3, 51, , , , , 
2018/8/4, 64, , , , , 
2018/8/5, 52, , , , , 
2018/8/6, 64, , , , , 
2018/8/7, 43, , , , , 
2018/8/8, 37, , , , , 
2018/8/9, 37, , , , , 
2018/8/10, 36, , , , , 
2018/8/11, 39, , , , , 
2018/8/12, 38, , , , , 
2018/8/13, 39, , , , , 
2018/8/14, 49, , , , , 
2018/8/15, 60, , , , , 
2018/8/16, 45, , , , , 
2018/8/17, 42, , , , , 
2018/8/18, 45, , , , , 
2018/8/19, 37, , , , , 
2018/8/20, 50, , , , , 
2018/8/21, 39, , , , , 
2018/8/22, 97, , , , , 
2018/8/23, 55, , , , , 
2018/8/24, 41, , , , , 
2018/8/25, 34, , 24, , 3, 3
2018/8/26, 34, , 38, , 2, 2
2018/8/27, 34, , 32, , 3, 4
2018/8/28, 38, , 32, , 3, 7
2018/8/29, 34, , 33, , 3, 7
2018/8/30, 36, , 37, , 4, 4
2018/8/31, 55, , 41, , 4, 4
2018/9/1, 60, , 34, , 7, 5
2018/9/2, 52, , 39, , 2, 3
2018/9/3, 39, , 34, , 3, 3
2018/9/4, 47, , 32, , 3, 3
2018/9/5, 29, , 46, , 3, 3
2018/9/6, 55, , 45, , 3, 3
2018/9/7, 46, , 38, , 5, 7
2018/9/8, 85, , , , , 
2018/9/11, 58, , 34, , 3, 7
2018/9/12, 60, , 24, , 3, 8
2018/9/13, 76, , 39, , 5, 10
2018/9/14, 85, , 21, , 4, 8
2018/9/15, 68, , 32, , 3, 7
2018/9/16, 62, , 32, , 4, 8
2018/9/17, 42, , 30, , 9, 10
2018/9/18, 73, , 36, , 6, 5
2018/9/19, 67, , 36, , 5, 3
2018/9/20, 49, , 37, , 4, 4
2018/9/21, 49, , 32, , 4, 4
2018/9/22, 54, , 38, , 3, 4
2018/9/23, 47, , 13, , 5, 5
2018/9/24, 51, , , , , 
2018/9/26, 48, , 32, , 4, 6
2018/9/27, 60, , 34, , 5, 7
2018/9/28, 69, , 41, , 6, 8
2018/9/29, 65, , 46, , 5, 7
2018/9/30, 63, , 48, , 4, 5
2018/10/1, 67, , 43, , 8, 8
2018/4/3, 69, , , , , 
2018/4/4, 67, , , , , 
2018/4/5, 58, , , , , 
2018/4/6, 66, , , , , 
2018/4/7, 53, , , , , 
2018/4/8, 71, , , , , 
2018/4/9, 52, , , , , 
2018/4/10, 65, , , , , 
2018/4/11, 51, , , , , 
2018/4/12, 82, , , , , 
2018/4/13, 73, , , , , 
2018/4/14, 61, , , , , 
2018/4/15, 62, , , , , 
2018/4/16, 42, , , , , 
2018/4/17, 69, , , , , 
2018/4/18, 51, , , , , 
2018/4/19, 52, , , , , 
2018/4/20, 45, , , , , 
2018/4/21, 43, , , , , 
2018/4/22, 65, , , , , 
2018/4/23, 47, , , , , 
2018/4/24, 49, , , , , 
2018/4/25, 69, , , , , 
2018/4/26, 59, , , , , 
2018/4/27, 87, , , , , 
2018/4/28, 78, , , , , 
2018/4/29, 59, , , , , 
2018/4/30, 58, , , , , 
2018/5/1, 63, , , , , 
2018/5/2, 70, , , , , 
2018/5/3, 56, , , , , 
2018/5/4, 77, , , , , 
2018/5/5, 80, , , , , 
2018/5/6, 61, , , , , 
2018/5/7, 60, , , , , 
2018/5/8, 49, , , , , 
2018/5/9, 61, , , , , 
2018/5/10, 65, , , , , 
2018/5/11, 79, , , , , 
2018/5/12, 73, , , , , 
2018/5/15, 65, , , , , 
2018/5/16, 66, , , , , 
2018/5/17, 67, , , , , 
2018/5/18, 68, , , , , 
2018/5/19, 67, , , , , 
2018/5/20, 66, , , , , 
2018/5/21, 68, , , , , 
2018/5/22, 64, , , , , 
2018/5/23, 72, , , , , 
2018/5/24, 66, , , , , 
2018/5/25, 76, , , , , 
2018/5/26, 67, , , , , 
2018/5/27, 68, , , , , 
2018/5/28, 71, , , , , 
2018/5/29, 70, , , , , 
2018/5/30, 79, , , , , 
2018/5/31, 62, , , , , 
2018/6/1, 56, , , , , 
2018/6/2, 58, , , , , 
2018/6/3, 52, , , , , 
2018/6/4, 43, , , , , 
2018/6/5, 44, , , , , 
2018/6/6, 41, , , , , 
2018/6/7, 41, , , , , 
2018/6/8, 39, , , , , 
2018/6/9, 62, , , , , 
2018/6/10, 65, , , , , 
2018/6/13, 57, , , , , 
2018/6/14, 57, , , , , 
2018/6/15, 54, , , , , 
2018/6/16, 45, , , , , 
2018/6/18, 22, , , , , 
2018/6/19, 28, , , , , 
2018/6/20, 45, , , , , 
2018/6/21, 38, , , , , 
2018/6/22, 37, , , , , 
2018/6/23, 55, , , , , 
2018/6/24, 55, , , , , 
2018/6/25, 56, , , , , 
2018/6/26, 64, , , , , 
2018/6/27, 69, , , , , 
2018/6/28, 61, , , , , 
2018/6/29, 72, , , , , 
2018/6/30, 70, , , , , 
2018/7/1, 72, , , , , 
2018/1/2, 87, , , , , 
2018/1/3, 75, , , , , 
2018/1/4, 90, , , , , 
2018/1/5, 77, , , , , 
2018/1/6, 81, , , , , 
2018/1/7, 77, , , , , 
2018/1/8, 52, , , , , 
2018/1/9, 75, , , , , 
2018/1/10, 92, , , , , 
2018/1/11, 79, , , , , 
2018/1/12, 83, , , , , 
2018/1/13, 77, , , , , 
2018/1/14, 69, , , , , 
2018/1/15, 40, , , , , 
2018/1/16, 58, , , , , 
2018/1/17, 71, , , , , 
2018/1/18, 63, , , , , 
2018/1/19, 60, , , , , 
2018/1/20, 49, , , , , 
2018/1/21, 43, , , , , 
2018/1/23, 64, , , , , 
2018/1/24, 53, , , , , 
2018/1/25, 41, , , , , 
2018/1/26, 42, , , , , 
2018/1/27, 62, , , , , 
2018/1/28, 59, , , , , 
2018/1/29, 49, , , , , 
2018/1/30, 67, , , , , 
2018/1/31, 66, , , , , 
2018/2/1, 76, , , , , 
2018/2/2, 80, , , , , 
2018/2/3, 70, , , , , 
2018/2/4, 70, , , , , 
2018/2/5, 51, , , , , 
2018/2/6, 44, , , , , 
2018/2/7, 49, , , , , 
2018/2/8, 60, , , , , 
2018/2/9, 50, , , , , 
2018/2/10, 58, , , , , 
2018/2/11, 67, , , , , 
2018/2/12, 69, , , , , 
2018/2/13, 81, , , , , 
2018/2/14, 83, , , , , 
2018/2/15, 83, , , , , 
2018/2/16, 60, , , , , 
2018/2/17, 74, , , , , 
2018/2/18, 70, , , , , 
2018/2/19, 60, , , , , 
2018/2/20, 48, , , , , 
2018/2/21, 56, , , , , 
2018/2/22, 51, , , , , 
2018/2/23, 51, , , , , 
2018/2/24, 43, , , , , 
2018/2/25, 43, , , , , 
2018/2/26, 43, , , , , 
2018/2/27, 55, , , , , 
2018/2/28, 60, , , , , 
2018/3/1, 51, , , , , 
2018/3/2, 74, , , , , 
2018/3/3, 67, , , , , 
2018/3/4, 68, , , , , 
2018/3/5, 57, , , , , 
2018/3/6, 65, , , , , 
2018/3/7, 64, , , , , 
2018/3/8, 64, , , , , 
2018/3/9, 64, , , , , 
2018/3/10, 65, , , , , 
2018/3/11, 39, , , , , 
2018/3/12, 39, , , , , 
2018/3/13, 52, , , , , 
2018/3/14, 82, , , , , 
2018/3/15, 67, , , , , 
2018/3/16, 91, , , , , 
2018/3/17, 71, , , , , 
2018/3/18, 81, , , , , 
2018/3/19, 64, , , , , 
2018/3/20, 60, , , , , 
2018/3/21, 87, , , , , 
2018/3/22, 63, , , , , 
2018/3/23, 68, , , , , 
2018/3/24, 89, , , , , 
2018/3/25, 71, , , , , 
2018/3/26, 64, , , , , 
2018/3/27, 83, , , , , 
2018/3/28, 88, , , , , 
2018/3/29, 79, , , , , 
2018/3/30, 78, , , , , 
2017/10/14, 79, , , , , 
2017/10/15, 66, , , , , 
2017/10/16, 42, , , , , 
2017/10/17, 35, , , , , 
2017/10/18, 36, , , , , 
2017/10/19, 41, , , , , 
2017/10/20, 49, , , , , 
2017/10/21, 55, , , , , 
2017/10/22, 71, , , , , 
2017/10/23, 56, , , , , 
2017/10/24, 63, , , , , 
2017/10/25, 72, , , , , 
2017/10/26, 68, , , , , 
2017/10/27, 80, , , , , 
2017/10/28, 84, , , , , 
2017/10/29, 55, , , , , 
2017/10/30, 48, , , , , 
2017/10/31, 63, , , , , 
2017/11/1, 85, , , , , 
2017/11/2, 78, , , , , 
2017/11/3, 83, , , , , 
2017/11/4, 75, , , , , 
2017/11/5, 58, , , , , 
2017/11/6, 54, , , , , 
2017/11/7, 70, , , , , 
2017/11/8, 81, , , , , 
2017/11/9, 101, , , , , 
2017/11/10, 83, , , , , 
2017/11/11, 82, , , , , 
2017/11/12, 72, , , , , 
2017/11/13, 67, , , , , 
2017/11/14, 101, , , , , 
2017/11/17, 73, , , , , 
2017/11/18, 69, , , , , 
2017/11/19, 70, , , , , 
2017/11/20, 57, , , , , 
2017/11/21, 83, , , , , 
2017/11/22, 66, , , , , 
2017/11/24, 90, , , , , 
2017/11/25, 88, , , , , 
2017/11/26, 75, , , , , 
2017/11/27, 53, , , , , 
2017/11/28, 72, , , , , 
2017/12/4, 59, , , , , 
2017/12/5, 67, , , , , 
2017/12/6, 55, , , , , 
2017/12/7, 52, , , , , 
2017/12/8, 67, , , , , 
2017/12/9, 68, , , , , 
2017/12/10, 58, , , , , 
2017/12/11, 50, , , , , 
2017/12/12, 55, , , , , 
2017/12/13, 55, , , , , 
2017/12/14, 74, , , , , 
2017/12/15, 75, , , , , 
2017/12/16, 63, , , , , 
2017/12/17, 65, , , , , 
2017/12/20, 82, , , , , 
2017/12/21, 76, , , , , 
2017/12/22, 68, , , , , 
2017/12/23, 66, , , , , 
2017/12/24, 59, , , , , 
2017/12/25, 55, , , , , 
2017/12/26, 36, , , , , 
2017/12/27, 50, , , , , 
2017/12/28, 52, , , , , 
2017/12/29, 66, , , , , 
2017/12/30, 47, , , , , 
2018/1/1, 58, , , , , 
2016/10/9, 63, , , , , 8
2016/10/10, 65, , , , 1, 10
2016/10/11, 66, , , , 1, 10
2016/10/12, 70, , , , 1, 11
2016/10/13, 72, , , , 1, 13
2016/10/14, 66, , , , 2, 12
2016/10/15, 73, , , , 1, 11
2016/10/16, 56, , , , 2, 12
2016/10/17, 66, , , , 2, 10
2016/10/18, 70, , , , 2, 7
2016/10/19, 60, , , , 1, 6
2016/10/20, 59, , , , 1, 6
2016/10/21, 59, , , , 2, 8
2016/10/22, 62, , , , , 
2016/10/25, 76, , , , 1, 7
2016/10/26, 61, , , , 1, 7
2016/10/27, 64, , , , 2, 8
2016/10/28, 75, , , , 5, 15
2016/10/29, 110, , , , 1, 8
2016/10/30, 59, , , , 1, 8
2016/10/31, 64, , , , 1, 10
2016/11/1, 82, , , , 1, 8
2016/11/2, 83, , , , 1, 6
2016/11/3, 76, , , , 5, 5
2016/11/4, 66, , , , 1, 6
2016/11/5, 56, , , , , 5
2016/11/6, 41, , , , , 5
2016/11/7, 35, , , , 1, 6
2016/11/8, 38, , , , , 
2016/7/2, 39, 20, 29, 23, 4, 9
2016/7/3, 56, 21, 34, 20, 4, 8
2016/7/4, 57, 22, 30, 20, 4, 9
2016/7/5, 53, 30, 21, 24, 5, 11
2016/7/6, 69, 28, 31, 18, 5, 9
2016/7/7, 51, 36, 27, 16, 5, 8
2016/7/8, 35, 33, 38, 17, 4, 6
2016/7/9, 34, 26, 37, 14, 3, 4
2016/7/10, 25, 27, 38, 13, 3, 4
2016/7/11, 34, 29, 35, 20, 4, 5
2016/7/12, 41, 30, 36, 26, 7, 8
2016/7/13, 53, 33, 29, 29, 7, 10
2016/7/14, 68, 27, 31, 27, 5, 9
2016/7/15, 61, 29, 40, 30, 8, 11
2016/7/16, 67, 33, 43, 26, 6, 8
2016/7/17, 57, 33, 39, 18, 3, 6
2016/7/18, 41, 27, 32, 19, 4, 7
2016/7/19, 37, 26, 36, 24, 4, 6
2016/7/20, 47, 22, 26, 31, 7, 9
2016/7/21, 55, 27, 31, 21, 7, 6
2016/7/22, 42, 34, 29, 27, 4, 8
2016/7/23, 62, 34, 38, 25, 3, 9
2016/7/24, 57, 29, 40, 18, 2, 7
2016/7/25, 49, 36, 30, 22, 2, 7
2016/7/26, 54, 31, 36, 21, 2, 8
2016/7/27, 47, 32, 32, 20, 2, 7
2016/7/28, 49, 45, 40, 17, 1, 6
2016/7/29, 33, 33, 35, 24, 3, 7
2016/7/30, 45, 23, 38, 21, 2, 8
2016/7/31, 47, , , , , 
2016/8/6, 48, 39, 48, 21, 3, 8
2016/8/7, 49, 28, 37, 15, 1, 8
2016/8/8, 41, 36, 35, 20, 2, 7
2016/8/9, 47, 40, 35, 19, 2, 5
2016/8/10, 43, 36, 36, 22, 3, 6
2016/8/11, 55, 37, 38, 24, 4, 6
2016/8/12, 48, 31, 40, 24, 4, 6
2016/8/13, 46, 31, 51, 18, 1, 5
2016/8/14, 37, 36, 36, 11, 1, 4
2016/8/15, 27, 33, 40, 19, 2, 6
2016/8/16, 36, 36, 35, 24, 2, 7
2016/8/17, 44, 35, 36, 20, 2, 6
2016/8/18, 38, 30, 36, 26, 2, 8
2016/8/19, 50, 29, 38, 27, 4, 8
2016/8/20, 55, , , , , 
2016/8/23, 32, 32, 59, 20, 2, 6
2016/8/24, 38, 37, 85, 29, 2, 6
2016/8/25, 52, 40, 46, 25, 2, 6
2016/8/26, 45, 32, 36, 28, 3, 8
2016/8/27, 58, 43, 26, 25, 2, 7
2016/8/28, 43, 31, 46, 21, 2, 7
2016/8/29, 49, 36, 43, 27, 2, 7
2016/8/30, 59, 31, 43, 31, 6, 10
2016/8/31, 73, 38, 43, 29, 3, 9
2016/9/1, 62, 27, 34, 30, 3, 9
2016/9/2, 68, 28, 46, 27, 2, 9
2016/9/3, 60, 34, 60, 28, 3, 9
2016/9/4, 64, 39, 49, 25, 2, 9
2016/9/5, 50, 34, 37, 27, 1, 8
2016/9/6, 44, 28, 10, 22, 3, 6
2016/9/7, 43, 21, , , , 
2016/4/2, 60, 12, 22, 30, 5, 10
2016/4/3, 47, 16, 37, 28, 3, 9
2016/4/4, 43, 27, 27, 38, 5, 13
2016/4/5, 75, 14, 31, 24, 4, 8
2016/4/6, 42, 33, 29, 28, 6, 11
2016/4/7, 64, 19, 34, 26, 4, 10
2016/4/8, 61, 27, 23, 25, 5, 11
2016/4/9, 59, 19, 24, 24, 7, 11
2016/4/10, 60, 17, 31, 23, 5, 10
2016/4/11, 57, 17, 20, 28, 3, 11
2016/4/12, 50, 15, 17, 30, 6, 13
2016/4/13, 60, 16, 22, 30, 6, 9
2016/4/14, 52, 27, 36, 35, 8, 13
2016/4/15, 82, 31, 39, 28, 5, 13
2016/4/16, 74, 36, 35, 34, 5, 17
2016/4/17, 78, 21, 24, 18, 2, 8
2016/4/18, 44, 24, 22, 21, 5, 11
2016/4/19, 51, 33, 29, 26, 6, 14
2016/4/20, 74, 30, 30, 20, 4, 9
2016/4/21, 48, 33, 26, 21, 4, 6
2016/4/22, 50, 28, 24, 24, 5, 8
2016/4/23, 54, 18, 27, 24, 3, 8
2016/4/24, 54, 13, 28, 14, 1, 5
2016/4/25, 44, 20, 36, 24, 2, 8
2016/4/26, 53, 29, 38, 28, 6, 11
2016/4/27, 74, 22, 32, 27, 4, 9
2016/4/28, 64, 15, 26, 36, 3, 11
2016/4/29, 64, 23, 29, 36, 6, 13
2016/4/30, 79, 14, 3, 24, 5, 9
2016/5/1, 63, 18, 29, 25, 3, 10
2016/5/2, 49, 21, 28, 36, 4, 13
2016/5/3, 76, 14, 28, 27, 3, 9
2016/5/4, 60, 26, 12, 51, 7, 7
2016/5/5, 72, 23, 26, 32, 5, 7
2016/5/6, 52, 26, 26, 30, 5, 8
2016/5/7, 60, 14, 11, 27, 3, 5
2016/5/8, 95, 19, , , , 
2016/5/10, 113, 17, 19, 42, 5, 16
2016/5/11, 40, 25, 34, 36, 5, 12
2016/5/12, 76, 20, 30, 26, 4, 7
2016/5/13, 66, 28, 26, 14, 2, 6
2016/5/14, 40, 23, 24, , 3, 6
2016/5/15, 26, 22, 28, , 2, 4
2016/5/16, 23, 27, 39, , 4, 7
2016/5/17, 40, 27, 23, , 9, 10
2016/5/18, 65, 25, 29, , 4, 7
2016/5/19, 45, 29, 30, , 5, 6
2016/5/20, 43, 28, 24, , 4, 8
2016/5/21, 51, 31, 27, , 3, 6
2016/5/22, 43, 33, 25, , 2, 5
2016/5/23, 30, 29, 28, 12, 3, 5
2016/5/24, 32, 32, 23, , 4, 7
2016/5/25, 45, 12, 20, , 5, 10
2016/5/26, 69, 30, 34, , 5, 9
2016/5/27, 67, 25, 36, , 1, 8
2016/5/28, 48, 26, 32, , 2, 9
2016/5/29, 64, 12, 22, , 1, 8
2016/5/30, 47, 24, 26, , 4, 12
2016/5/31, 72, 29, 32, 34, 4, 10
2016/6/1, 76, 27, 29, 23, 5, 8
2016/6/2, 62, 17, 15, 28, 4, 9
2016/6/3, 73, 18, 17, 31, 4, 9
2016/6/4, 64, 25, 35, 32, 8, 13
2016/6/5, 71, 21, 41, 23, 7, 8
2016/6/6, 59, 22, 17, 38, 6, 12
2016/6/7, 81, 28, 27, 31, 8, 15
2016/6/8, 81, 18, 25, 25, 4, 9
2016/6/9, 50, 22, 37, 21, 4, 8
2016/6/10, 45, 29, 32, 24, 5, 10
2016/6/11, 54, 23, 32, 18, 3, 8
2016/6/12, 38, 23, 32, 16, 3, 8
2016/6/13, 38, 20, 22, 17, 3, 8
2016/6/14, 49, 22, 27, 19, 4, 9
2016/6/15, 50, 27, 30, 15, 3, 7
2016/6/16, 31, 23, 27, 15, 3, 7
2016/6/17, 34, 24, 31, 18, 4, 9
2016/6/18, 43, 32, 31, 21, 4, 10
2016/6/19, 47, 28, 27, 20, 3, 11
2016/6/20, 57, 28, 25, 21, 4, 11
2016/6/21, 59, 26, 33, 22, 5, 9
2016/6/22, 53, 28, 31, 18, 4, 5
2016/6/23, 39, 25, 27, 24, 5, 8
2016/6/24, 57, 18, 21, 24, 4, 9
2016/6/25, 62, 28, 32, 21, 6, 11
2016/6/26, 59, 17, 31, 15, 3, 7
2016/6/27, 40, 21, 35, 13, 3, 5
2016/6/28, 28, 24, 32, 15, 3, 6
2016/6/29, 32, 27, 31, 15, 4, 5
2016/6/30, 28, 29, 28, 15, 4, 6
2016/7/1, 30, 26, 27, 19, 4, 6
2016/1/8, 54, , 27, 29, 6, 7
2016/1/9, 63, , 38, 27, 6, 8
2016/1/10, 58, , 27, 16, 2, 4
2016/1/11, 30, , 27, 22, 4, 5
2016/1/12, 45, , 18, 22, 3, 8
2016/1/13, 46, , 11, 25, 3, 8
2016/1/14, 51, , 29, 26, 6, 6
2016/1/15, 48, , 38, 35, 12, 9
2016/1/16, 76, , 40, 23, 5, 6
2016/1/17, 60, , 36, 23, 7, 4
2016/1/18, 64, , 37, 21, 9, 5
2016/1/19, 61, , 36, 26, 9, 5
2016/1/20, 65, , 22, 27, 5, 5
2016/1/21, 67, , 23, 34, 10, 7
2016/1/22, 79, , 38, 32, 11, 9
2016/1/23, 76, , 42, 23, 7, 7
2016/1/24, 53, , 35, 14, 3, 5
2016/1/25, 33, , 17, 30, 5, 9
2016/1/26, 55, , 41, 33, 11, 11
2016/1/27, 75, , 60, 28, 7, 8
2016/1/28, 75, , 50, 37, 12, 9
2016/1/29, 82, , 26, 35, 12, 10
2016/1/30, 86, , 29, 32, 9, 8
2016/1/31, 74, , 38, 36, 9, 9
2016/2/1, 83, , 55, 36, 8, 10
2016/2/2, 86, , 57, 34, 9, 9
2016/2/3, 84, , 33, 34, 6, 9
2016/2/4, 85, , 32, 33, 10, 8
2016/2/5, 77, , 35, 32, 7, 9
2016/2/6, 67, , 44, 29, 8, 8
2016/2/7, 65, , 41, 18, 4, 6
2016/2/8, 40, , 31, 22, 5, 6
2016/2/9, 48, , 28, 19, 3, 6
2016/2/10, 38, , 29, 22, 7, 8
2016/2/11, 47, , 28, 23, 7, 8
2016/2/12, 50, , 34, 26, 6, 8
2016/2/13, 56, , 33, 27, 5, 10
2016/2/14, 52, , 32, 17, 4, 7
2016/2/15, 36, , 26, 24, 6, 10
2016/2/16, 57, , 34, 18, 4, 7
2016/2/17, 34, , 29, 29, 6, 10
2016/2/18, 60, , 32, 27, 5, 9
2016/2/19, 49, , 36, 26, 4, 8
2016/2/20, 54, , 34, 26, 5, 8
2016/2/21, 58, , 40, 20, 3, 6
2016/2/22, 50, , 32, 28, 4, 9
2016/2/23, 61, , 39, 35, 7, 10
2016/2/24, 66, , 12, 41, 7, 14
2016/2/25, 88, , 27, 30, 5, 9
2016/2/26, 69, , 27, 26, 2, 9
2016/2/27, 67, , 39, 23, 6, 8
2016/2/28, 60, , 39, 24, 4, 8
2016/2/29, 58, , 29, 19, 2, 7
2016/3/1, 48, , 27, 26, 4, 9
2016/3/2, 64, , 31, 26, 4, 10
2016/3/3, 58, , 17, 30, 3, 11
2016/3/4, 71, , 25, 24, 4, 10
2016/3/5, 60, , 28, 25, 3, 9
2016/3/6, 48, , 33, 20, 3, 8
2016/3/7, 43, , 14, 28, 4, 12
2016/3/8, 55, , 34, 29, 6, 14
2016/3/9, 70, , 27, 31, 7, 11
2016/3/10, 71, , 42, 34, 7, 10
2016/3/11, 80, , 43, 33, 4, 10
2016/3/12, 56, , 31, 29, 3, 9
2016/3/13, 54, , 33, 25, 2, 8
2016/3/14, 56, , 29, 46, 7, 14
2016/3/15, 85, , 38, 28, 5, 11
2016/3/16, 60, 26, 30, 28, 4, 11
2016/3/17, 68, 13, 17, 23, 4, 12
2016/3/18, 62, 17, 25, 24, 5, 12
2016/3/19, 67, 19, 29, 20, 3, 9
2016/3/20, 44, 18, 30, 20, 4, 9
2016/3/21, 40, 41, 26, 22, 4, 11
2016/3/22, 51, 33, 26, 20, 6, 10
2016/3/23, 48, 26, 31, 30, 7, 10
2016/3/24, 67, 34, 32, 27, 6, 8
2016/3/25, 54, 32, 39, 17, 2, 5
2016/3/26, 41, 25, 2, 23, 5, 9
2016/3/27, 59, 35, 37, 17, 2, 6
2016/3/28, 53, 22, 29, 30, 3, 10
2016/3/29, 69, 28, 29, 40, 7, 11
2016/3/30, 82, 13, 32, 40, 4, 12
2016/3/31, 67, 27, 28, 39, 7, 12
2016/4/1, 83, 13, 19, 31, 2, 11
2015/10/2, 99, 44, 39, 43, 18, 10
2015/10/3, 92, 38, 39, 36, 15, 12
2015/10/4, 76, 36, 41, 25, 8, 7
2015/10/5, 44, 29, 47, 22, 4, 10
2015/10/6, 36, 39, 40, 32, 5, 7
2015/10/7, 62, 38, 37, 30, 5, 8
2015/10/8, 50, 43, 49, 32, 5, 8
2015/10/9, 61, 38, 43, 27, 5, 9
2015/10/10, 75, 22, 37, 27, 3, 9
2015/10/11, 65, 56, 35, 28, 3, 10
2015/10/12, 66, 27, 36, 28, 4, 10
2015/10/13, 66, 21, 28, 28, 3, 7
2015/10/14, 62, 15, 23, 41, 4, 10
2015/10/15, 69, 23, 26, 42, 4, 12
2015/10/16, 72, 18, 25, 45, 4, 14
2015/10/17, 79, 23, 35, 29, 3, 10
2015/10/18, 46, 20, 34, 30, 3, 11
2015/10/19, 63, 24, 42, 24, 3, 9
2015/10/20, 43, 36, 31, 29, 3, 7
2015/10/21, 53, 40, 39, 26, 3, 6
2015/10/22, 50, 37, 46, 33, 3, 8
2015/10/23, 87, 40, 46, 37, 3, 8
2015/10/24, 84, 34, 46, 27, 2, 7
2015/10/25, 55, 17, 33, 30, 2, 8
2015/10/26, 53, 36, 46, 37, 3, 10
2015/10/27, 66, 38, 47, 37, 3, 9
2015/10/28, 55, 36, 42, 36, 3, 9
2015/10/29, 51, 26, 39, 37, 4, 9
2015/10/30, 60, 32, 39, 51, 5, 12
2015/10/31, 80, 20, 31, 42, 4, 8
2015/11/1, 67, 17, 36, 19, 2, 5
2015/11/2, 55, 28, 35, 25, 4, 5
2015/11/3, 78, 34, 45, 24, 3, 6
2015/11/4, 75, 39, 29, 38, 5, 10
2015/11/5, 82, , , , , 
2015/11/11, 65, 30, 39, 30, 6, 8
2015/11/12, 55, 33, 45, 36, 7, 10
2015/11/13, 73, 33, 43, 33, 5, 10
2015/11/14, 63, 34, 36, 24, 4, 7
2015/11/15, 44, 23, 33, 22, 3, 7
2015/11/16, 42, 29, 37, 30, 6, 9
2015/11/17, 57, 28, 21, 45, 11, 12
2015/11/18, 78, 24, 27, 46, 18, 12
2015/11/19, 81, 18, 32, 27, 7, 7
2015/11/20, 64, 24, 33, 25, 4, 7
2015/11/21, 59, 25, 29, 31, 6, 9
2015/11/22, 62, 37, 28, 32, 17, 8
2015/11/23, 74, 32, 19, 40, 10, 12
2015/11/24, 93, , , , , 
2015/7/2, 39, 31, 25, 16, 2, 6
2015/7/3, 31, 36, 37, 19, 3, 6
2015/7/4, 41, 41, 31, 20, 2, 7
2015/7/5, 37, 28, 35, 20, 2, 6
2015/7/6, 37, 27, 34, 25, 3, 6
2015/7/7, 61, 26, 30, 20, 1, 5
2015/7/8, 54, 31, 28, 20, 2, 7
2015/7/9, 47, 39, 28, 22, 4, 8
2015/7/10, 48, 37, 23, 22, 7, 10
2015/7/11, 54, 28, 23, 18, 4, 7
2015/7/12, 37, 18, 30, 17, 3, 8
2015/7/13, 47, 35, 37, 24, 5, 8
2015/7/14, 53, 36, 21, 32, 7, 9
2015/7/15, 63, 47, 24, 26, 8, 9
2015/7/16, 64, 32, 3, 30, 12, 10
2015/7/17, 89, 37, 37, 21, 3, 5
2015/7/18, 36, 27, 26, 23, 3, 7
2015/7/19, 43, 30, 33, 27, 8, 8
2015/7/20, 65, 26, 26, 29, 7, 8
2015/7/21, 66, 27, 26, 27, 6, 10
2015/7/22, 65, 14, 17, 22, 6, 11
2015/7/23, 53, 20, 26, 21, 5, 10
2015/7/24, 50, 21, 26, 20, 3, 6
2015/7/25, 33, 25, 28, 16, 2, 5
2015/7/26, 28, 22, 34, 13, 2, 4
2015/7/27, 27, 26, 20, 15, 2, 5
2015/7/28, 32, 21, 23, 20, 2, 7
2015/7/29, 50, 24, 26, 23, 4, 7
2015/7/30, 40, 31, 24, 27, 3, 8
2015/7/31, 48, 33, 31, 24, 5, 7
2015/8/1, 41, 36, 31, 18, 3, 6
2015/8/2, 36, 29, 34, 12, 2, 5
2015/8/3, 35, 39, 34, 15, 3, 6
2015/8/4, 37, 32, 28, 16, 4, 6
2015/8/5, 34, 31, 32, 16, 4, 6
2015/8/6, 33, 29, 40, 19, 5, 5
2015/8/7, 38, 42, 32, 21, 3, 4
2015/8/8, 41, 40, 32, 28, 6, 8
2015/8/9, 63, 22, 34, 23, 5, 4
2015/8/10, 62, 32, 38, 21, 3, 4
2015/8/11, 52, 44, 35, 22, 6, 5
2015/8/12, 52, 45, 34, 21, 4, 5
2015/8/13, 45, 38, 41, 19, 3, 5
2015/8/14, 44, 30, 24, 25, 6, 8
2015/8/15, 50, 24, 31, 22, 3, 8
2015/8/16, 50, 24, 37, 12, 1, 5
2015/8/17, 28, 26, 43, 16, 3, 6
2015/8/18, 38, 35, 52, 20, 3, 7
2015/8/19, 39, 36, 42, 18, 4, 6
2015/8/20, 40, 38, 36, 22, 3, 5
2015/8/21, 39, 40, 40, 23, 3, 5
2015/8/22, 47, 45, 42, 27, 4, 6
2015/8/23, 56, 44, 37, 29, 3, 7
2015/8/24, 61, 38, 39, 23, 3, 7
2015/8/25, 65, 32, 30, 33, 7, 9
2015/8/26, 64, 40, 43, 32, 6, 9
2015/8/27, 69, 44, 44, 29, 8, 9
2015/8/28, 83, 45, 34, 27, 5, 8
2015/8/29, 44, 36, 35, 17, 3, 6
2015/8/30, 29, 35, 39, 13, 3, 6
2015/8/31, 31, 31, 36, 16, 3, 5
2015/9/1, 32, 31, 35, 21, 4, 5
2015/9/2, 43, 41, 35, 23, 4, 6
2015/9/3, 39, 46, 44, 18, 3, 5
2015/9/4, 36, 45, 48, 27, 6, 6
2015/9/5, 44, 44, 41, 22, 4, 6
2015/9/6, 41, 28, 39, 23, 4, 7
2015/9/7, 57, 42, 38, 24, 5, 7
2015/9/8, 71, 39, 46, 22, 6, 6
2015/9/9, 46, 58, 43, 28, 7, 8
2015/9/10, 69, 36, 80, 30, 4, 10
2015/9/11, 51, 50, 77, 32, 4, 5
2015/9/12, 52, 56, 74, 27, 3, 4
2015/9/13, 44, 47, 98, 16, 3, 3
2015/9/14, 44, 52, 117, 24, 4, 5
2015/9/15, 56, 55, 84, 27, 6, 7
2015/9/16, 78, 51, 48, 24, 4, 8
2015/9/17, 53, 48, 53, 30, 6, 11
2015/9/18, 92, 41, 40, 31, 8, 12
2015/9/19, 89, 47, 31, 29, 6, 10
2015/9/20, 53, 44, 46, 20, 3, 8
2015/9/21, 46, 43, 48, 25, 4, 8
2015/9/22, 52, 30, 45, 25, 4, 6
2015/9/23, 50, 37, 35, 25, 6, 7
2015/9/24, 51, 43, 44, 25, 4, 6
2015/9/25, 48, 43, 45, 28, 4, 7
2015/9/26, 47, 42, 43, 22, 4, 6
2015/9/27, 48, 35, 43, 18, 4, 6
2015/9/28, 45, 44, 52, 25, 4, 8
2015/9/29, 57, 45, 62, 28, 5, 8
2015/9/30, 71, 41, 37, 38, 6, 5
2015/10/1, 87, 41, 25, 44, 7, 8
2015/4/2, 71, , 35, 28, 5, 9
2015/4/3, 57, , 35, 24, 5, 10
2015/4/4, 50, , 33, 23, 5, 9
2015/4/5, 55, , 28, 20, 2, 9
2015/4/6, 46, , 34, 28, 8, 13
2015/4/7, 61, , 28, 23, 4, 9
2015/4/8, 38, , 39, 26, 4, 8
2015/4/9, 52, , 36, 24, 6, 9
2015/4/10, 57, , 42, 23, 4, 8
2015/4/11, 43, , 41, 24, 4, 9
2015/4/12, 39, , 37, 16, 4, 6
2015/4/13, 32, , 40, 23, 5, 9
2015/4/14, 55, , 26, 26, 5, 10
2015/4/15, 59, , 37, 32, 8, 12
2015/4/16, 67, , 32, 36, 7, 12
2015/4/17, 60, , 23, 51, 10, 16
2015/4/18, 92, , 46, 36, 9, 11
2015/4/19, 63, , 32, 34, 6, 12
2015/4/20, 66, , 34, 41, 9, 14
2015/4/21, 81, , 29, 34, 5, 13
2015/4/22, 61, , 31, 26, 6, 12
2015/4/23, 54, , 32, 25, 6, 12
2015/4/24, 52, , 25, 23, 7, 9
2015/4/25, 50, , 29, 22, 3, 8
2015/4/26, 48, , 29, 17, 3, 7
2015/4/27, 32, , 24, 17, 2, 6
2015/4/28, 35, , 27, 23, 6, 9
2015/4/29, 48, , 31, 24, 4, 7
2015/4/30, 42, , 29, 31, 11, 9
2015/5/1, 59, , , , , 
2015/5/5, 75, , 29, 35, 7, 12
2015/5/6, 61, , 34, 26, 5, 8
2015/5/7, 50, , 23, 20, 3, 5
2015/5/8, 35, , 30, 22, 3, 7
2015/5/9, 41, , 26, 18, 2, 6
2015/5/10, 30, , 23, 13, 2, 6
2015/5/11, 25, , 27, 18, 2, 6
2015/5/12, 31, , 23, 23, 9, 7
2015/5/13, 39, , 24, 24, 5, 7
2015/5/14, 40, , 20, 25, 3, 9
2015/5/15, 45, , 27, 31, 5, 12
2015/5/16, 64, , 28, 30, 5, 11
2015/5/17, 67, , 29, 27, 8, 11
2015/5/18, 68, , 21, 21, 6, 9
2015/5/19, 46, , 32, 18, 3, 6
2015/5/20, 45, , 30, 25, 5, 9
2015/5/21, 58, , 24, 25, 6, 8
2015/5/22, 55, , 32, 29, 10, 14
2015/5/23, 78, , 28, 25, 7, 12
2015/5/24, 57, , 38, 21, 5, 9
2015/5/25, 45, , 17, 32, 6, 12
2015/5/26, 76, , 25, 30, 8, 12
2015/5/27, 61, , 31, 26, 5, 8
2015/5/28, 56, , 19, 29, 5, 9
2015/5/29, 59, , 24, 29, 5, 8
2015/5/30, 70, , 34, 29, 7, 9
2015/5/31, 61, , 26, 21, 5, 10
2015/6/1, 49, , 24, 19, 5, 7
2015/6/2, 32, , 32, 19, 4, 6
2015/6/3, 30, , 31, 20, 4, 7
2015/6/4, 37, , 31, 20, 3, 6
2015/6/5, 29, , 32, 29, 5, 10
2015/6/6, 48, , 36, 23, 3, 8
2015/6/7, 43, , 37, 16, 2, 5
2015/6/8, 41, , 27, 22, 3, 7
2015/6/9, 49, , 28, 28, 6, 9
2015/6/10, 63, , 27, 24, 3, 9
2015/6/11, 62, , 26, 20, 5, 9
2015/6/12, 50, , 26, 20, 4, 9
2015/6/13, 38, , 27, 20, 3, 8
2015/6/14, 42, , 35, 17, 5, 8
2015/6/15, 42, , 31, 18, 4, 8
2015/6/16, 39, , 28, 19, 4, 9
2015/6/17, 36, , 28, 19, 5, 8
2015/6/18, 30, , 27, 15, 4, 6
2015/6/19, 25, , 36, 17, 2, 4
2015/6/20, 41, , , 22, 3, 4
2015/6/21, 42, , , , 4, 3
2015/6/22, 26, , 24, 46, 4, 4
2015/6/23, 20, , 26, 23, 4, 4
2015/6/24, 28, , 26, 14, 2, 4
2015/6/25, 21, , 33, 14, 1, 4
2015/6/26, 20, , 31, 16, 2, 5
2015/6/27, 28, , 40, 13, 2, 5
2015/6/28, 24, , 35, 10, 3, 4
2015/6/29, 23, , 28, 12, 3, 5
2015/6/30, 31, , 27, 19, 3, 7
2015/7/1, 40, 40, 30, 17, 6, 6
2015/1/2, 134, , 26, 18, 7, 5
2015/1/3, 37, , 29, 13, 4, 5
2015/1/4, 36, , 28, 13, 7, 5
2015/1/5, 31, , 32, 20, 8, 7
2015/1/6, 46, , 32, 19, 3, 7
2015/1/7, 38, , 29, 19, 3, 6
2015/1/8, 34, , 28, 19, 4, 7
2015/1/9, 31, , 25, 21, 7, 7
2015/1/10, 39, , 27, 21, 9, 5
2015/1/11, 37, , 30, 16, 3, 4
2015/1/12, 24, , 25, 22, 6, 7
2015/1/13, 43, , 32, 24, 8, 8
2015/1/14, 59, , 35, 25, 7, 7
2015/1/15, 60, , 30, 27, 7, 8
2015/1/16, 59, , 28, 31, 6, 10
2015/1/17, 63, , 24, 30, 5, 8
2015/1/18, 48, , 18, 25, 4, 7
2015/1/19, 41, , 19, 32, 6, 9
2015/1/20, 58, , 17, 33, 7, 9
2015/1/21, 62, , 22, 26, 5, 8
2015/1/22, 59, , 22, 24, 5, 8
2015/1/23, 51, , 21, 26, 5, 9
2015/1/24, 52, , 22, 29, 6, 10
2015/1/25, 59, , 40, 19, 3, 6
2015/1/26, 47, , 21, 28, 4, 9
2015/1/27, 69, , 24, 21, 4, 8
2015/1/28, 57, , 32, 26, 6, 9
2015/1/29, 54, , 28, 29, 7, 14
2015/1/30, 68, , 29, 27, 7, 11
2015/1/31, 68, , 29, 17, 3, 6
2015/2/1, 44, , 26, 16, 5, 8
2015/2/2, 45, , 27, 18, 4, 7
2015/2/3, 38, , 21, 15, 3, 6
2015/2/4, 30, , 24, 19, 5, 7
2015/2/5, 42, , 34, 17, 5, 5
2015/2/6, 34, , 33, 28, 8, 11
2015/2/7, 61, , 23, 35, 5, 41
2015/2/8, 56, , 24, 20, 2, 18
2015/2/9, 35, , 15, 16, 2, 5
2015/2/10, 28, , 32, 19, 3, 5
2015/2/11, 43, , 25, 26, 7, 6
2015/2/12, 58, , 37, 23, 5, 6
2015/2/13, 54, , 31, 19, 4, 6
2015/2/14, 44, , 29, 22, 5, 7
2015/2/15, 53, , 38, 20, 4, 4
2015/2/16, 40, , 45, 20, 4, 3
2015/2/17, 48, , 54, 16, 3, 2
2015/2/18, 43, , 38, 21, 3, 5
2015/2/19, 54, , 12, 25, 2, 6
2015/2/20, 46, , 33, 24, 4, 5
2015/2/21, 50, , 38, 26, 4, 6
2015/2/22, 52, , 65, 21, 4, 5
2015/2/23, 50, , 43, 32, 6, 6
2015/2/24, 59, , 45, 33, 6, 7
2015/2/25, 71, , 50, 32, 7, 6
2015/2/26, 71, , 56, 28, 5, 6
2015/2/27, 68, , 41, 32, 6, 7
2015/2/28, 66, , 33, 35, 7, 9
2015/3/1, 65, , 43, 22, 6, 6
2015/3/2, 55, , 25, 30, 10, 6
2015/3/3, 60, , 36, 31, 5, 7
2015/3/4, 66, , 42, 23, 3, 6
2015/3/5, 48, , 41, 25, 2, 6
2015/3/6, 55, , 40, 35, 7, 10
2015/3/7, 68, , 29, 27, 6, 7
2015/3/8, 48, , 30, 17, 3, 5
2015/3/9, 33, , 27, 15, 3, 6
2015/3/10, 35, , 27, 17, 4, 7
2015/3/11, 36, , 29, 17, 3, 4
2015/3/12, 30, , 30, 27, 7, 8
2015/3/13, 60, , 23, 28, 5, 9
2015/3/14, 56, , 28, 23, 5, 7
2015/3/15, 52, , 33, 19, 3, 6
2015/3/16, 42, , 28, 24, 5, 8
2015/3/17, 53, , 11, 28, 4, 9
2015/3/18, 47, , 13, 31, 4, 9
2015/3/19, 48, , 17, 31, 7, 9
2015/3/20, 62, , 17, 31, 3, 9
2015/3/21, 46, , 27, 22, 4, 8
2015/3/22, 42, , , 27, 7, 6
2015/3/23, 56, , , , 5, 9
2014/11/2, 60, , 44, 25, 8, 6
2014/11/3, 63, , 39, 21, 8, 6
2014/11/4, 61, , 30, 28, 6, 8
2014/11/5, 62, , 43, 37, 6, 9
2014/11/6, 73, , 44, 34, 5, 8
2014/11/7, 74, , 39, 33, 7, 8
2014/11/8, 78, , 41, 34, 12, 7
2014/11/9, 70, , 47, 29, 6, 6
2014/11/10, 66, , 32, 34, 4, 8
2014/11/11, 56, , 23, 38, 6, 8
2014/11/12, 50, , 17, 31, 4, 7
2014/11/13, 49, , 27, 22, 3, 6
2014/11/14, 51, , 21, 28, 5, 9
2014/11/15, 58, , 36, 32, 2, 10
2014/11/16, 55, , 35, 28, 3, 8
2014/11/17, 60, , 34, 25, 3, 8
2014/11/18, 58, , 37, 26, 5, 7
2014/11/19, 62, , 29, 27, 4, 8
2014/11/20, 59, , 28, 32, 5, 10
2014/11/21, 67, , 15, 37, 15, 10
2014/11/22, 70, , 23, 26, 10, 8
2014/11/23, 53, , 32, 24, 13, 8
2014/11/24, 56, , 30, 33, 8, 11
2014/11/25, 74, , 14, 38, 7, 10
2014/11/26, 79, , 27, 26, 3, 7
2014/11/27, 53, , 31, 31, 7, 9
2014/11/28, 64, , 36, 27, 7, 9
2014/11/29, 54, , 31, 22, 4, 7
2014/11/30, 42, , 33, 21, 5, 8
2014/12/1, 47, , , , , 
2016/8/5, , 41, 38, 19, 3, 7
2016/8/22, , 36, 47, 15, , 5
2016/9/8, , 27, , , , 
2016/9/9, , 30, , , , 
2016/9/10, , 24, , , , 
2016/9/11, , 22, , , , 
2016/9/12, , 32, , , , 
2016/9/13, , 25, , , , 
2016/9/14, , 26, , , , 
2016/9/15, , 24, , , , 
2016/9/16, , 28, , , , 
2016/9/17, , 27, , , , 
2016/9/18, , 24, , , , 
2016/9/19, , 30, , , , 
2016/5/9, , 24, 26, 34, 8, 12
2015/11/10, , 29, 39, 33, 9, 9
2020/7/5, , , 37, , 2, 
2020/7/6, , , 36, , 4, 
2020/5/22, , , 32, , 2, 7
2020/2/12, , , 40, , 5, 9
2020/1/1, , , 20, , 2, 6
2019/10/22, , , 14, , 2, 7
2019/11/11, , , 16, , 3, 7
2019/12/2, , , 17, , 5, 8
2019/9/23, , , 31, , 4, 5
2019/4/8, , , 20, , 12, 8
2019/4/18, , , 26, , 4, 9
2019/5/6, , , 20, , 4, 6
2019/6/26, , , 30, , 4, 7
2019/6/27, , , 25, , 5, 3
2019/6/28, , , 23, , 1, 2
2019/1/1, , , 28, , 5, 3
2018/11/12, , , 19, , 9, 9
2018/11/19, , , 8, , 8, 13
2018/12/23, , , , , 5, 9
2018/9/10, , , 29, , 4, 7
2018/9/25, , , 37, , 4, 6
2016/1/7, , , 5, 26, 3, 2
2015/4/1, , , 34, 32, 7, 11
2015/5/4, , , 36, 37, 7, 13
2015/1/1, , , 38, 25, 14, 10
2014/11/1, , , 54, 32, 7, 8
2016/10/8, , , , , , 10
2016/10/24, , , , , 2, 8
2015/3/24, , , , , 10, 9
2015/3/25, , , , , 3, 9
2015/3/26, , , , , 10, 10
2015/3/27, , , , , 4, 10
2015/3/28, , , , , 4, 10
2015/3/29, , , , , 4, 9
2015/3/30, , , , , 10, 11
2015/3/31, , , , , 10, 9
