#date, pm25, pm10, o3, no2, so2, co
2020/10/2, 36, , 47, , 1, 4
2020/10/3, 55, , 38, , 2, 5
2020/10/4, 67, , 41, , 1, 4
2020/10/5, 42, , 48, , 1, 3
2020/10/6, 40, , 61, , 1, 3
2020/10/7, 41, , 56, , 1, 4
2020/10/8, 50, , 70, , , 4
2020/10/9, 35, , 68, , 1, 4
2020/10/10, 50, , 84, , 1, 4
2020/10/11, 66, , 72, , , 4
2020/10/12, 41, , 65, , , 4
2020/10/13, 40, , 52, , 2, 5
2020/10/14, 57, , 53, , 2, 6
2020/10/15, 63, , 59, , 1, 4
2020/10/16, 51, , 42, , 1, 4
2020/10/17, 47, , 37, , 2, 5
2020/10/18, 53, , 40, , 2, 5
2020/10/19, 52, , 33, , 2, 6
2020/10/20, 71, , 45, , 5, 8
2020/10/21, 77, , 37, , 3, 4
2020/10/22, 47, , 43, , 1, 3
2020/10/23, 43, , 42, , 2, 4
2020/10/24, 49, , 45, , 3, 8
2020/10/25, 69, , 59, , 3, 7
2020/10/26, 72, , 50, , 3, 6
2020/10/27, 76, , 31, , 3, 6
2020/10/28, 84, , 30, , 3, 6
2020/10/29, 65, , 46, , 2, 5
2020/10/30, 60, , 38, , 2, 5
2020/10/31, 66, , 52, , 3, 7
2020/11/1, 69, , 45, , 3, 6
2020/11/2, 64, , 45, , 3, 6
2020/11/3, 64, , 51, , 4, 6
2020/11/4, 63, , 56, , 4, 5
2020/11/5, 82, , 50, , 3, 7
2020/11/6, 106, , 51, , 6, 9
2020/11/7, 98, , 51, , 2, 
2020/11/8, 77, , 64, , 1, 
2020/11/9, 80, , 54, , 2, 4
2020/11/10, 66, , 60, , 8, 6
2020/11/11, 98, , 56, , 9, 5
2020/11/12, 102, , 62, , 5, 5
2020/11/13, 100, , 70, , 5, 6
2020/11/14, 107, , 46, , 8, 6
2020/11/15, 121, , 50, , 3, 5
2020/11/16, 103, , 36, , 9, 8
2020/11/17, 125, , 38, , 7, 6
2020/11/18, 102, , 33, , 5, 6
2020/11/19, 91, , 37, , 10, 6
2020/11/20, 95, , 31, , 3, 6
2020/11/21, 59, , 35, , 5, 8
2020/11/22, 73, , 42, , 5, 8
2020/11/23, 76, , 35, , 3, 6
2020/11/24, 58, , 37, , 1, 3
2020/11/25, 32, , 50, , 1, 3
2020/11/26, 50, , 49, , 3, 4
2020/11/27, 56, , 39, , 4, 6
2020/11/28, 71, , 42, , 5, 8
2020/11/29, 82, , 57, , 2, 5
2020/11/30, 56, , 44, , 2, 4
2020/12/1, 57, , 38, , 3, 4
2020/12/2, 59, , 31, , 3, 4
2020/12/3, 45, , 36, , 4, 4
2020/12/4, 61, , 37, , 4, 6
2020/12/5, 62, , 38, , 4, 7
2020/12/6, 68, , 39, , 2, 4
2020/12/7, 42, , 42, , 2, 4
2020/12/8, 52, , 38, , 5, 6
2020/12/9, 70, , 37, , 5, 7
2020/12/10, 73, , 51, , 4, 6
2020/12/11, 66, , 46, , 5, 8
2020/12/12, 81, , 46, , 3, 8
2020/12/13, 78, , 46, , 3, 5
2020/12/14, 58, , 44, , 3, 5
2020/12/15, 52, , 40, , 6, 9
2020/12/16, 75, , 43, , 4, 6
2020/12/17, 59, , 25, , 7, 7
2020/12/18, 67, , 34, , 5, 6
2020/12/19, 62, , 34, , 3, 6
2020/12/20, 61, , 34, , 2, 6
2020/12/21, 48, , 37, , 4, 6
2020/12/22, 57, , 42, , 7, 7
2020/12/23, 75, , 36, , 7, 5
2020/12/24, 70, , 38, , 3, 5
2020/12/25, 69, , 33, , , 5
2020/12/26, 53, , 19, , , 6
2020/12/27, 54, , 33, , , 4
2020/12/28, 61, , 29, , , 4
2020/12/29, 39, , 31, , 1, 6
2020/12/30, 59, , 41, , , 5
2020/12/31, 54, , 46, , 2, 8
2021/1/1, 88, , 45, , 5, 7
2021/1/2, 132, , 15, , , 3
2021/1/3, 42, , , , , 
2020/7/2, 60, , 26, , 2, 5
2020/7/3, 72, , 29, , 3, 6
2020/7/4, 68, , 27, , 3, 7
2020/7/5, 69, , 44, , 2, 5
2020/7/6, 63, , 35, , 4, 7
2020/7/7, 71, , 30, , 3, 6
2020/7/8, 60, , 34, , 3, 5
2020/7/9, 63, , 41, , 3, 5
2020/7/10, 63, , 40, , 1, 4
2020/7/11, 53, , 43, , 2, 7
2020/7/12, 85, , 52, , 2, 6
2020/7/13, 73, , 36, , 3, 7
2020/7/14, 62, , 46, , 2, 4
2020/7/15, 47, , 45, , 1, 4
2020/7/16, 30, , 52, , 1, 4
2020/7/17, 51, , 54, , 1, 8
2020/7/18, 43, , 47, , 1, 2
2020/7/19, 35, , 36, , 1, 3
2020/7/20, 43, , 35, , 1, 3
2020/7/21, 33, , 40, , 2, 5
2020/7/22, 63, , 36, , 3, 4
2020/7/23, 64, , 39, , 3, 5
2020/7/24, 69, , 31, , 3, 6
2020/7/25, 59, , 27, , 3, 9
2020/7/26, 69, , 34, , 1, 4
2020/7/27, 39, , 33, , 2, 5
2020/7/28, 46, , 37, , 2, 7
2020/7/29, 54, , 33, , 4, 8
2020/7/30, 69, , 28, , 1, 2
2020/7/31, 33, , 31, , 1, 2
2020/8/1, 32, , 35, , 1, 2
2020/8/2, 34, , 46, , 1, 2
2020/8/3, 42, , 37, , 1, 2
2020/8/4, 40, , 44, , 1, 2
2020/8/5, 38, , 39, , 1, 3
2020/8/6, 57, , 33, , 2, 4
2020/8/7, 52, , 37, , 1, 3
2020/8/8, 46, , 35, , 1, 3
2020/8/9, 42, , 34, , , 3
2020/8/10, 37, , 36, , 1, 3
2020/8/11, 38, , 51, , 1, 4
2020/8/12, 50, , 39, , 2, 5
2020/8/13, 57, , 33, , 1, 5
2020/8/14, 51, , 42, , 2, 6
2020/8/15, 66, , 31, , 7, 9
2020/8/16, 94, , 51, , 1, 4
2020/8/17, 42, , 53, , 4, 6
2020/8/18, 67, , 39, , 1, 4
2020/8/19, 54, , 36, , 1, 4
2020/8/20, 57, , 32, , 3, 4
2020/8/21, 70, , 30, , 1, 3
2020/8/22, 40, , 43, , 1, 5
2020/8/23, 56, , 57, , 1, 3
2020/8/24, 42, , 39, , 1, 7
2020/8/25, 52, , 42, , 1, 7
2020/8/26, 52, , 40, , 2, 5
2020/8/27, 64, , 57, , 1, 3
2020/8/28, 54, , 35, , 1, 3
2020/8/29, 58, , 30, , 2, 4
2020/8/30, 59, , 60, , 2, 5
2020/8/31, 59, , 47, , 1, 3
2020/9/1, 58, , 37, , 1, 3
2020/9/2, 39, , 41, , 2, 4
2020/9/3, 52, , 41, , 1, 4
2020/9/4, 43, , 45, , 1, 3
2020/9/5, 35, , 44, , 1, 3
2020/9/6, 46, , 63, , 1, 4
2020/9/7, 49, , 48, , 1, 4
2020/9/8, 48, , 48, , 2, 5
2020/9/9, 59, , 54, , 1, 3
2020/9/10, 45, , 52, , 1, 4
2020/9/11, 54, , 53, , 1, 4
2020/9/12, 56, , 41, , 1, 4
2020/9/13, 55, , 39, , 1, 3
2020/9/14, 38, , 43, , 1, 4
2020/9/15, 40, , 41, , 1, 5
2020/9/16, 56, , 46, , 3, 8
2020/9/17, 67, , 53, , 3, 8
2020/9/18, 77, , 54, , 2, 7
2020/9/19, 82, , 41, , 4, 9
2020/9/20, 72, , 38, , 1, 5
2020/9/21, 38, , 54, , 1, 5
2020/9/22, 36, , 57, , 1, 5
2020/9/23, 46, , 49, , 2, 6
2020/9/24, 51, , , , , 
2020/10/1, 47, , 44, , 1, 3
2020/4/2, 34, , 32, , 1, 4
2020/4/3, 44, , 34, , 1, 2
2020/4/4, 31, , 36, , 2, 3
2020/4/5, 38, , 35, , 2, 4
2020/4/6, 46, , 39, , 2, 3
2020/4/7, 37, , 35, , 1, 4
2020/4/8, 40, , 38, , , 3
2020/4/9, 36, , 30, , , 4
2020/4/10, 49, , 33, , , 5
2020/4/11, 57, , 29, , , 4
2020/4/12, 35, , 33, , , 5
2020/4/13, 41, , 37, , , 5
2020/4/14, 32, , 33, , , 5
2020/4/15, 30, , 40, , , 4
2020/4/16, 36, , 43, , 1, 4
2020/4/17, 58, , 54, , 1, 4
2020/4/18, 65, , 51, , , 4
2020/4/19, 56, , 37, , , 4
2020/4/20, 48, , 30, , , 3
2020/4/21, 37, , 31, , , 3
2020/4/22, 34, , 44, , , 4
2020/4/23, 48, , 28, , , 4
2020/4/24, 43, , 37, , , 4
2020/4/25, 43, , 37, , , 5
2020/4/26, 50, , 43, , , 5
2020/4/27, 54, , 38, , , 5
2020/4/28, 40, , 35, , 1, 4
2020/4/29, 50, , 25, , 1, 3
2020/4/30, 53, , 28, , 1, 4
2020/5/1, 50, , 26, , 1, 4
2020/5/2, 57, , 29, , 1, 4
2020/5/3, 52, , 26, , , 3
2020/5/4, 37, , 29, , 1, 5
2020/5/5, 51, , 28, , 1, 4
2020/5/6, 46, , 31, , 1, 4
2020/5/7, 54, , 29, , 2, 5
2020/5/8, 52, , 26, , , 4
2020/5/9, 35, , 24, , , 3
2020/5/10, 32, , 29, , , 4
2020/5/11, 40, , 42, , 1, 5
2020/5/12, 56, , 25, , 1, 5
2020/5/13, 44, , 35, , 1, 4
2020/5/14, 62, , 32, , 1, 4
2020/5/15, 56, , 42, , 1, 3
2020/5/16, 44, , 27, , , 3
2020/5/17, 28, , 14, , 1, 4
2020/5/18, 36, , 21, , 1, 4
2020/5/19, 46, , 15, , 5, 10
2020/5/20, 46, , , , , 
2020/5/23, 52, , 32, , 1, 4
2020/5/24, 44, , 30, , , 4
2020/5/25, 35, , 29, , , 3
2020/5/26, 26, , 23, , , 2
2020/5/27, 26, , 29, , , 2
2020/5/28, 41, , 39, , 1, 4
2020/5/29, 51, , 33, , 1, 3
2020/5/30, 49, , 27, , 1, 3
2020/5/31, 36, , 34, , , 3
2020/6/1, 38, , 30, , 2, 5
2020/6/2, 52, , 24, , 1, 4
2020/6/3, 42, , 37, , 3, 7
2020/6/4, 64, , 39, , 1, 5
2020/6/5, 45, , 30, , 1, 4
2020/6/6, 34, , 40, , 1, 4
2020/6/7, 38, , 35, , , 4
2020/6/8, 34, , 36, , 1, 4
2020/6/9, 34, , 44, , 1, 5
2020/6/10, 43, , 57, , 2, 7
2020/6/11, 61, , 77, , 1, 6
2020/6/12, 66, , 42, , 2, 9
2020/6/13, 81, , 45, , 3, 7
2020/6/14, 74, , 26, , 1, 6
2020/6/15, 38, , 26, , 1, 5
2020/6/16, 37, , 29, , 2, 4
2020/6/17, 53, , 34, , 1, 3
2020/6/18, 47, , 39, , 1, 3
2020/6/19, 44, , 28, , 2, 5
2020/6/20, 54, , 19, , 2, 4
2020/6/21, 43, , 29, , 1, 3
2020/6/22, 33, , 33, , 2, 4
2020/6/23, 40, , 31, , 2, 4
2020/6/24, 41, , 37, , 3, 5
2020/6/25, 66, , 34, , 2, 4
2020/6/26, 56, , 33, , 2, 4
2020/6/27, 53, , 44, , 2, 4
2020/6/28, 57, , 45, , 1, 4
2020/6/29, 60, , 34, , 3, 4
2020/6/30, 53, , 47, , 2, 4
2020/7/1, 52, , 38, , 2, 5
2020/1/2, 65, , 21, , 2, 5
2020/1/3, 49, , 33, , 3, 7
2020/1/4, 67, , 36, , 1, 8
2020/1/5, 49, , 37, , , 10
2020/1/6, 52, , 25, , , 9
2020/1/7, 49, , 40, , 2, 5
2020/1/8, 84, 15, 52, , 2, 4
2020/1/9, 69, 12, 30, , 2, 2
2020/1/10, 52, 11, 28, , 2, 3
2020/1/11, 48, 13, 23, , 2, 5
2020/1/12, 51, 9, 19, , 1, 3
2020/1/13, 40, 6, 26, , 1, 3
2020/1/14, 37, , 34, , 2, 4
2020/1/15, 47, , 26, , 2, 4
2020/1/16, 44, , 23, , 1, 5
2020/1/17, 44, , 21, , 1, 5
2020/1/18, 38, , 20, , 1, 5
2020/1/19, 34, , 26, , 1, 5
2020/1/20, 36, , 25, , 2, 8
2020/1/21, 61, , 11, , 3, 10
2020/1/22, 59, , 14, , 2, 6
2020/1/23, 45, , 34, , 2, 4
2020/1/24, 56, , 45, , 2, 4
2020/1/25, 51, , 39, , 4, 9
2020/1/26, 76, , 40, , 1, 4
2020/1/27, 56, , 35, , 1, 4
2020/1/28, 49, , 40, , 4, 6
2020/1/29, 68, , 24, , 4, 6
2020/1/30, 68, , 49, , 4, 7
2020/1/31, 74, , 52, , 3, 6
2020/2/1, 66, , 28, , 6, 11
2020/2/2, 93, , 45, , 4, 6
2020/2/3, 55, , 47, , 3, 5
2020/2/4, 57, , 39, , 3, 5
2020/2/5, 60, , 57, , 4, 5
2020/2/6, 72, , 55, , 4, 5
2020/2/7, 69, , 44, , 2, 5
2020/2/8, 65, , , , , 
2020/2/13, 70, , 39, , 3, 6
2020/2/14, 69, , 45, , 4, 7
2020/2/15, 69, , 55, , 3, 7
2020/2/16, 52, , 43, , 2, 6
2020/2/17, 49, , 31, , 2, 5
2020/2/18, 42, , 40, , 2, 6
2020/2/19, 48, , 34, , 3, 7
2020/2/20, 64, , 43, , 3, 8
2020/2/21, 67, , 27, , 4, 8
2020/2/22, 66, , 18, , 4, 7
2020/2/23, 63, , 49, , 3, 7
2020/2/24, 56, , 33, , 2, 6
2020/2/25, 58, , 46, , 3, 6
2020/2/26, 64, , 27, , 3, 7
2020/2/27, 55, , 37, , 3, 7
2020/2/28, 61, , 43, , 4, 8
2020/2/29, 64, , 36, , 3, 6
2020/3/1, 63, , 46, , 3, 6
2020/3/2, 64, , 74, , 3, 6
2020/3/3, 65, , 41, , 4, 7
2020/3/4, 69, , 36, , 3, 5
2020/3/5, 53, , 33, , 3, 7
2020/3/6, 50, , 31, , 4, 9
2020/3/7, 73, , 36, , 3, 5
2020/3/8, 64, , 53, , 3, 6
2020/3/9, 60, , 48, , 4, 7
2020/3/10, 67, , 43, , 4, 8
2020/3/11, 77, , 48, , 4, 9
2020/3/12, 78, , 45, , 4, 8
2020/3/13, 72, , 46, , 4, 7
2020/3/14, 62, , 32, , 3, 7
2020/3/15, 54, , , , , 
2020/3/17, 53, , 51, , 5, 3
2020/3/18, 44, , 67, , , 2
2020/3/19, 53, , 49, , , 2
2020/3/20, 45, , 36, , , 2
2020/3/21, 43, , 31, , , 2
2020/3/22, 40, , 37, , , 2
2020/3/23, 45, , 50, , , 3
2020/3/24, 63, , 61, , , 4
2020/3/25, 77, , 54, , 1, 4
2020/3/26, 91, , 64, , 1, 4
2020/3/27, 63, , 50, , , 4
2020/3/28, 59, , 56, , , 4
2020/3/29, 32, , 71, , , 5
2020/3/30, 58, , 58, , , 6
2020/3/31, 67, , 42, , 1, 6
2020/4/1, 50, , 40, , 1, 4
2019/10/2, 94, , 41, , 3, 5
2019/10/3, 73, , 38, , 9, 4
2019/10/4, 89, , 41, , 3, 4
2019/10/5, 59, , 49, , 2, 6
2019/10/6, 55, , 40, , 1, 4
2019/10/7, 63, , 34, , 3, 5
2019/10/8, 74, , 35, , 2, 3
2019/10/9, 61, , 42, , 2, 3
2019/10/10, 53, , 35, , 1, 3
2019/10/11, 62, , 32, , 2, 4
2019/10/12, 55, , 41, , 3, 3
2019/10/13, 65, , 35, , 2, 3
2019/10/14, 49, , 40, , 2, 4
2019/10/15, 64, , 33, , 3, 5
2019/10/16, 72, , 40, , 3, 5
2019/10/17, 79, , 35, , 3, 6
2019/10/18, 77, , 42, , 3, 7
2019/10/19, 103, , 6, , 2, 5
2019/10/23, 61, , 31, , 2, 5
2019/10/24, 48, , 35, , 5, 8
2019/10/25, 69, , 22, , 2, 6
2019/10/26, 56, , 28, , 3, 6
2019/10/27, 60, , 39, , 3, 6
2019/10/28, 59, , 39, , 2, 5
2019/10/29, 56, , 40, , 2, 4
2019/10/30, 62, , 39, , 3, 4
2019/10/31, 62, , 41, , 2, 5
2019/11/1, 72, , 50, , 2, 4
2019/11/2, 65, , 40, , 1, 4
2019/11/3, 55, , 49, , 1, 3
2019/11/4, 57, , 44, , 2, 3
2019/11/5, 60, , 36, , 2, 4
2019/11/6, 55, , 40, , 3, 5
2019/11/7, 65, , 35, , 4, 4
2019/11/8, 62, , 40, , 2, 4
2019/11/9, 52, , 29, , 2, 5
2019/11/10, 62, , 36, , 2, 4
2019/11/11, 58, , 24, , 2, 5
2019/11/12, 63, , 22, , 3, 6
2019/11/13, 67, , 21, , 3, 6
2019/11/14, 65, , 30, , 3, 5
2019/11/15, 61, , 18, , 3, 5
2019/11/16, 63, , 27, , 3, 5
2019/11/17, 60, , 35, , 2, 4
2019/11/18, 45, , 29, , 3, 5
2019/11/19, 66, , 25, , 4, 6
2019/11/20, 79, , 32, , 3, 5
2019/11/21, 61, , 23, , 2, 5
2019/11/22, 62, , 36, , 2, 3
2019/11/23, 67, , 34, , 2, 3
2019/11/24, 67, , 52, , 3, 4
2019/11/25, 67, , 35, , 4, 3
2019/11/26, 67, , 27, , 3, 3
2019/11/27, 54, , 23, , 4, 3
2019/11/28, 52, , 25, , 3, 4
2019/11/29, 57, , 22, , 3, 4
2019/11/30, 81, , 41, , 2, 
2019/12/1, 65, , 34, , 3, 
2019/12/2, 66, , 32, , 3, 4
2019/12/3, 59, , 32, , 2, 4
2019/12/4, 53, , 34, , 4, 4
2019/12/5, 67, , 36, , 2, 3
2019/12/6, 61, , 35, , 3, 4
2019/12/7, 74, , 39, , 2, 3
2019/12/8, 56, , 40, , 2, 3
2019/12/9, 46, , 31, , 3, 4
2019/12/10, 71, , 34, , 2, 2
2019/12/11, 64, , 39, , 3, 2
2019/12/12, 67, , 31, , 3, 3
2019/12/13, 64, , 58, , 4, 4
2019/12/14, 85, , 32, , 3, 3
2019/12/15, 79, , 43, , 3, 4
2019/12/16, 76, , 40, , 3, 4
2019/12/17, 64, , 36, , 2, 2
2019/12/18, 54, , 32, , 3, 3
2019/12/19, 72, , 26, , 4, 4
2019/12/20, 77, , 19, , 4, 5
2019/12/21, 77, , 28, , 4, 5
2019/12/22, 60, , 24, , 3, 5
2019/12/23, 62, , 25, , 3, 3
2019/12/24, 72, , 25, , 3, 4
2019/12/25, 52, , 33, , 2, 3
2019/12/26, 52, , 29, , 2, 2
2019/12/27, 48, , 26, , 3, 5
2019/12/28, 60, , 29, , 3, 5
2019/12/29, 65, , 34, , 2, 4
2019/12/30, 58, , , , , 
2019/7/2, 42, , 23, , 4, 6
2019/7/3, 72, , 35, , 3, 7
2019/7/4, 75, , 38, , 3, 5
2019/7/5, 60, , 27, , 3, 6
2019/7/6, 61, , 24, , 2, 5
2019/7/7, 51, , 23, , 2, 4
2019/7/8, 36, , 24, , 3, 5
2019/7/9, 56, , 29, , 1, 5
2019/7/10, 46, , 35, , 1, 4
2019/7/11, 38, , 38, , 2, 4
2019/7/12, 53, , 28, , 2, 3
2019/7/13, 60, , 24, , 2, 4
2019/7/14, 65, , 23, , 2, 3
2019/7/15, 49, , 29, , 2, 3
2019/7/16, 64, , 30, , 1, 1
2019/7/17, 44, , 29, , 1, 1
2019/7/18, 43, , 29, , 1, 1
2019/7/19, 42, , 30, , 1, 1
2019/7/20, 55, , 25, , 1, 2
2019/7/21, 51, , 27, , 1, 2
2019/7/22, 41, , 26, , 2, 3
2019/7/23, 69, , 19, , 4, 5
2019/7/24, 85, , 27, , 2, 4
2019/7/25, 56, , 24, , 3, 5
2019/7/26, 65, , 30, , 2, 4
2019/7/27, 54, , 31, , 1, 3
2019/7/28, 75, , 25, , 1, 3
2019/7/29, 45, , 38, , 1, 2
2019/7/30, 50, , 37, , 3, 5
2019/7/31, 81, , 28, , 1, 3
2019/8/1, 48, , 33, , 2, 4
2019/8/2, 56, , 29, , 3, 5
2019/8/3, 71, , 30, , 2, 4
2019/8/4, 55, , 31, , 1, 3
2019/8/5, 46, , 38, , 1, 3
2019/8/6, 46, , 38, , 1, 3
2019/8/7, 44, , 34, , 1, 3
2019/8/8, 46, , 34, , 1, 3
2019/8/9, 51, , 31, , 1, 3
2019/8/10, 51, , 29, , 1, 4
2019/8/11, 48, , 32, , , 4
2019/8/12, 47, , 36, , 1, 4
2019/8/13, 49, , 32, , 1, 4
2019/8/14, 44, , 72, , , 4
2019/8/15, 84, , 57, , , 3
2019/8/16, 90, , 58, , 1, 2
2019/8/17, 62, , 43, , 1, 3
2019/8/18, 55, , 35, , , 2
2019/8/19, 41, , 32, , 1, 2
2019/8/20, 45, , 31, , 1, 2
2019/8/21, 48, , 41, , 1, 2
2019/8/22, 53, , 42, , 1, 3
2019/8/23, 49, , 42, , , 3
2019/8/24, 58, , 39, , , 3
2019/8/25, 71, , 41, , 1, 3
2019/8/26, 54, , 46, , 1, 3
2019/8/27, 53, , 47, , , 3
2019/8/28, 49, , 40, , 1, 4
2019/8/29, 59, , 40, , 1, 3
2019/8/30, 49, , 55, , 1, 3
2019/8/31, 47, , 43, , 1, 5
2019/9/1, 60, , 42, , , 4
2019/9/2, 56, , 50, , 1, 5
2019/9/3, 66, , 46, , 3, 4
2019/9/4, 70, , 38, , 1, 3
2019/9/5, 63, , 37, , 2, 4
2019/9/6, 63, , 33, , 1, 3
2019/9/7, 47, , 41, , 1, 3
2019/9/8, 44, , 45, , , 2
2019/9/9, 44, , 39, , 1, 3
2019/9/10, 64, , 48, , 2, 4
2019/9/11, 70, , 37, , 2, 5
2019/9/12, 68, , 34, , 3, 5
2019/9/13, 83, , 41, , 1, 4
2019/9/14, 66, , 37, , 1, 5
2019/9/15, 79, , 35, , 1, 5
2019/9/16, 62, , 46, , 1, 4
2019/9/17, 51, , 41, , 1, 4
2019/9/18, 60, , 48, , 2, 4
2019/9/19, 97, , 47, , 2, 4
2019/9/20, 97, , 56, , 2, 5
2019/9/21, 110, , 52, , 4, 6
2019/9/22, 94, , 39, , 1, 3
2019/9/23, 46, , 39, , 1, 3
2019/9/24, 66, , 49, , 3, 7
2019/9/25, 73, , 48, , 1, 4
2019/9/26, 82, , 50, , 1, 3
2019/9/27, 59, , 47, , 2, 4
2019/9/28, 57, , 42, , 3, 5
2019/9/29, 80, , 41, , 3, 5
2019/9/30, 59, , 35, , 2, 5
2019/10/1, 68, , 59, , 5, 6
2019/4/2, 76, , 36, , 3, 7
2019/4/3, 59, , 31, , 3, 10
2019/4/4, 75, , 15, , 4, 7
2019/4/5, 59, , 32, , 1, 7
2019/4/6, 77, , 48, , 2, 7
2019/4/7, 67, , 74, , 2, 6
2019/4/8, 72, , 52, , , 5
2019/4/9, 60, , 63, , 1, 5
2019/4/10, 60, , 59, , 2, 7
2019/4/11, 68, , 46, , 3, 8
2019/4/12, 76, , 50, , 1, 6
2019/4/13, 54, , 44, , 2, 7
2019/4/14, 64, , 36, , , 6
2019/4/15, 43, , 29, , 2, 7
2019/4/16, 65, , 28, , , 6
2019/4/17, 50, , 27, , 1, 7
2019/4/18, 56, , 32, , 1, 6
2019/4/19, 54, , 27, , 2, 5
2019/4/20, 56, , , , , 
2019/4/25, 60, , 30, , 1, 6
2019/4/26, 55, , 30, , 4, 8
2019/4/27, 75, , 27, , 2, 7
2019/4/28, 44, , 31, , , 4
2019/4/29, 32, , 27, , , 5
2019/4/30, 43, , 26, , 1, 4
2019/5/1, 49, , 40, , , 3
2019/5/2, 50, , 35, , , 4
2019/5/3, 49, , 31, , 4, 5
2019/5/4, 65, , 30, , 3, 5
2019/5/5, 51, , 32, , 1, 4
2019/5/6, 49, , 28, , 1, 4
2019/5/7, 45, , 30, , 1, 4
2019/5/8, 47, , 36, , 1, 4
2019/5/9, 49, , 24, , 1, 6
2019/5/10, 51, , 33, , 2, 6
2019/5/11, 63, , 45, , 1, 8
2019/5/12, 79, , 32, , 1, 6
2019/5/13, 65, , 14, , 3, 11
2019/5/14, 82, , 26, , 1, 7
2019/5/15, 42, , 25, , , 5
2019/5/16, 38, , 28, , , 6
2019/5/17, 41, , 28, , 2, 6
2019/5/18, 51, , 36, , 2, 4
2019/5/19, 56, , 20, , 1, 5
2019/5/20, 52, , 23, , 3, 8
2019/5/21, 80, , 25, , 2, 6
2019/5/22, 67, , 22, , 1, 4
2019/5/23, 55, , 27, , 2, 6
2019/5/24, 69, , 27, , 1, 6
2019/5/25, 57, , 29, , 1, 6
2019/5/26, 64, , 24, , 1, 7
2019/5/27, 56, , 45, , 2, 8
2019/5/28, 75, , 34, , 1, 6
2019/5/29, 62, , 36, , 1, 6
2019/5/30, 57, , 25, , 2, 7
2019/5/31, 65, , 27, , 2, 6
2019/6/1, 82, , 40, , , 3
2019/6/2, 56, , 26, , , 3
2019/6/3, 50, , 24, , 4, 2
2019/6/4, 39, , 21, , , 2
2019/6/5, 29, , 27, , 1, 2
2019/6/6, 38, , 33, , 1, 2
2019/6/7, 44, , 33, , 2, 4
2019/6/8, 65, , 30, , 1, 3
2019/6/9, 45, , 27, , 2, 4
2019/6/10, 53, , 21, , 2, 3
2019/6/11, 48, , 23, , 2, 5
2019/6/12, 63, , 21, , 2, 3
2019/6/13, 46, , 25, , 3, 4
2019/6/14, 59, , 21, , 5, 6
2019/6/15, 83, , 28, , 3, 6
2019/6/20, 7, , 22, , 1, 3
2019/6/21, 47, , 21, , 1, 4
2019/6/22, 49, , 24, , 1, 5
2019/6/23, 49, , 22, , 1, 5
2019/6/24, 33, , 22, , 2, 6
2019/6/25, 53, , 42, , 3, 4
2019/6/26, 61, , 32, , 2, 2
2019/6/27, 52, , 29, , 2, 2
2019/6/28, 50, , 27, , 2, 3
2019/6/29, 54, , 21, , 1, 3
2019/6/30, 39, , 29, , 2, 3
2019/7/1, 44, , 27, , 1, 3
2019/1/2, 114, , 24, , 4, 4
2019/1/3, 39, , 24, , 2, 4
2019/1/4, 43, , 26, , 2, 5
2019/1/5, 41, , 37, , 3, 6
2019/1/6, 67, , 33, , 4, 9
2019/1/7, 64, , 22, , 5, 9
2019/1/8, 86, , 7, , 3, 5
2019/1/9, 65, , 23, , 8, 6
2019/1/10, 78, , 22, , 6, 3
2019/1/11, 50, , 31, , 7, 4
2019/1/12, 61, , 48, , 2, 5
2019/1/13, 60, , 12, , , 3
2019/1/14, 49, , 30, , 2, 5
2019/1/15, 59, , 32, , 3, 7
2019/1/16, 79, , 33, , 2, 6
2019/1/17, 77, , 29, , 3, 6
2019/1/18, 68, , 30, , 3, 7
2019/1/19, 61, , 32, , 2, 5
2019/1/20, 55, , 24, , 1, 5
2019/1/21, 37, , 25, , 2, 6
2019/1/22, 51, , 31, , 1, 4
2019/1/23, 47, , 28, , , 4
2019/1/24, 45, , 24, , 1, 4
2019/1/25, 42, , 31, , 1, 6
2019/1/26, 63, , 33, , 1, 5
2019/1/27, 51, , 37, , 1, 5
2019/1/28, 48, , 35, , 2, 6
2019/1/29, 61, , 43, , 2, 7
2019/1/30, 59, , 44, , 2, 6
2019/1/31, 55, , 34, , 2, 8
2019/2/1, 67, , 41, , 1, 7
2019/2/2, 57, , 41, , , 7
2019/2/3, 60, , 42, , , 7
2019/2/4, 58, , 27, , 3, 7
2019/2/5, 65, , 28, , 3, 5
2019/2/6, 55, , 30, , 3, 4
2019/2/7, 50, , 22, , 4, 6
2019/2/8, 63, , 40, , 4, 6
2019/2/9, 69, , 43, , 4, 6
2019/2/10, 68, , 43, , 2, 5
2019/2/11, 49, , 39, , 5, 7
2019/2/12, 75, , 38, , 4, 5
2019/2/13, 64, , 29, , 5, 5
2019/2/14, 60, , 38, , 3, 4
2019/2/15, 47, , 36, , 3, 6
2019/2/16, 65, , 71, , 5, 5
2019/2/17, 76, , 53, , 2, 4
2019/2/18, 68, , 38, , 2, 6
2019/2/19, 67, , 29, , 3, 6
2019/2/20, 64, , 34, , 3, 7
2019/2/21, 61, , 34, , 3, 6
2019/2/22, 55, , 37, , 2, 5
2019/2/23, 51, , 31, , 4, 9
2019/2/24, 77, , 19, , 2, 7
2019/2/25, 39, , 35, , 2, 7
2019/2/26, 59, , 36, , 4, 8
2019/2/27, 76, , 31, , 3, 14
2019/2/28, 60, , 50, , 2, 17
2019/3/1, 60, , 42, , 3, 12
2019/3/2, 61, , , , , 
2019/3/3, 74, , 62, , 2, 6
2019/3/4, 81, , 43, , 2, 4
2019/3/5, 65, , 59, , 2, 3
2019/3/6, 75, , 62, , 2, 4
2019/3/7, 70, , 65, , 4, 7
2019/3/8, 80, , 57, , 2, 3
2019/3/9, 50, , 42, , 1, 3
2019/3/10, 48, , 37, , 1, 3
2019/3/11, 41, , 34, , 2, 4
2019/3/12, 47, , 50, , 2, 4
2019/3/13, 66, , 42, , 4, 6
2019/3/14, 78, , 48, , 3, 5
2019/3/15, 71, , 41, , 3, 7
2019/3/16, 68, , 45, , 3, 5
2019/3/17, 54, , 41, , 3, 5
2019/3/18, 57, , 57, , 3, 6
2019/3/19, 64, , 36, , 3, 7
2019/3/20, 65, , 32, , 3, 8
2019/3/21, 65, , 55, , 2, 7
2019/3/22, 69, , 41, , 8, 10
2019/3/23, 62, , 44, , 6, 13
2019/3/24, 92, , 64, , 6, 11
2019/3/25, 82, , 66, , 6, 8
2019/3/26, 81, , 49, , 2, 6
2019/3/27, 77, , 66, , 2, 7
2019/3/28, 75, , 61, , 2, 7
2019/3/29, 55, , 38, , 2, 8
2019/3/30, 80, , 30, , 4, 10
2019/3/31, 65, , 39, , 1, 7
2019/4/1, 42, , 12, , 4, 11
2018/10/2, 107, , 59, , 5, 6
2018/10/3, 113, , 58, , 3, 6
2018/10/4, 107, , 59, , 4, 6
2018/10/5, 90, , 46, , 5, 6
2018/10/6, 87, , 43, , 5, 10
2018/10/7, 78, , 50, , 2, 9
2018/10/8, 82, , , , , 
2018/10/9, 62, , 6, , 4, 8
2018/10/10, 89, , 29, , 6, 7
2018/10/11, 71, , 34, , 5, 7
2018/10/12, 74, , 34, , 6, 9
2018/10/13, 81, , 47, , 13, 10
2018/10/14, 102, , 43, , 5, 7
2018/10/15, 74, , 60, , 2, 4
2018/10/16, 64, , 41, , 5, 4
2018/10/17, 85, , 48, , 5, 5
2018/10/18, 94, , 61, , 6, 6
2018/10/19, 104, , 48, , 9, 8
2018/10/20, 95, , 52, , 6, 8
2018/10/21, 97, , 57, , 6, 7
2018/10/22, 80, , 41, , 8, 10
2018/10/23, 106, , 51, , 7, 9
2018/10/24, 84, , 75, , 7, 7
2018/10/25, 86, , 53, , 8, 8
2018/10/26, 93, , 39, , 6, 7
2018/10/27, 94, , 33, , 5, 6
2018/10/28, 67, , 44, , 4, 6
2018/10/29, 69, , 42, , 5, 7
2018/10/30, 73, , 44, , 5, 6
2018/10/31, 74, , 43, , 8, 6
2018/11/1, 83, , 16, , 7, 8
2018/11/2, 82, , 56, , 4, 7
2018/11/3, 57, , 36, , 5, 6
2018/11/4, 60, , 37, , 3, 6
2018/11/5, 61, , 20, , 9, 8
2018/11/6, 78, , 53, , 6, 6
2018/11/7, 66, , 43, , 7, 8
2018/11/8, 75, , 32, , 6, 7
2018/11/9, 66, , 27, , 7, 10
2018/11/10, 77, , 27, , 6, 9
2018/11/11, 68, , 35, , 8, 8
2018/11/12, 72, , 32, , 5, 10
2018/11/13, 75, , 38, , 6, 9
2018/11/14, 73, , 41, , 6, 7
2018/11/15, 73, , 36, , 9, 6
2018/11/16, 77, , 28, , 7, 10
2018/11/17, 79, , 33, , 6, 12
2018/11/18, 88, , 32, , 4, 8
2018/11/19, 64, , 35, , 5, 8
2018/11/20, 69, , 38, , 4, 7
2018/11/21, 79, , 43, , 5, 8
2018/11/22, 83, , 45, , 4, 8
2018/11/23, 79, , 52, , 4, 7
2018/11/24, 69, , 44, , 4, 9
2018/11/25, 81, , 41, , 3, 7
2018/11/26, 66, , 28, , 4, 8
2018/11/27, 70, , 19, , 3, 7
2018/11/28, 64, , 41, , 5, 10
2018/11/29, 82, , 22, , 6, 11
2018/11/30, 95, , 20, , 3, 9
2018/12/1, 65, , 36, , 4, 11
2018/12/2, 71, , 47, , 3, 9
2018/12/3, 70, , 31, , 3, 7
2018/12/4, 68, , 37, , 3, 9
2018/12/5, 81, , 54, , 4, 8
2018/12/6, 84, , 46, , 3, 9
2018/12/7, 86, , 36, , 4, 9
2018/12/8, 75, , 30, , 2, 6
2018/12/9, 57, , 32, , 2, 5
2018/12/10, 43, , 31, , 3, 6
2018/12/11, 57, , 25, , 5, 10
2018/12/12, 78, , 24, , 2, 6
2018/12/13, 41, , 26, , 3, 7
2018/12/14, 59, , , , 25, 15
2018/12/15, 86, , 30, , 7, 10
2018/12/16, 73, , 35, , 4, 6
2018/12/17, 48, , 32, , 4, 8
2018/12/18, 65, , 36, , 3, 6
2018/12/19, 64, , 29, , 4, 7
2018/12/20, 71, , 22, , 6, 9
2018/12/21, 80, , 28, , 10, 12
2018/12/22, 93, , , , , 
2018/12/24, 39, , 27, , 3, 7
2018/12/25, 59, , 27, , 3, 5
2018/12/26, 52, , 28, , 2, 4
2018/12/27, 38, , 31, , 3, 5
2018/12/28, 54, , 30, , 2, 4
2018/12/29, 50, , 32, , 2, 5
2018/12/30, 50, , 32, , 2, 4
2018/12/31, 42, , , , , 
2018/7/2, 45, , , , , 
2018/7/3, 69, , , , , 
2018/7/4, 44, , , , , 
2018/7/5, 49, , , , , 
2018/7/6, 43, , , , , 
2018/7/7, 43, , , , , 
2018/7/8, 45, , , , , 
2018/7/9, 47, , , , , 
2018/7/10, 48, , , , , 
2018/7/11, 47, , , , , 
2018/7/12, 44, , , , , 
2018/7/13, 48, , , , , 
2018/7/14, 44, , , , , 
2018/7/15, 36, , , , , 
2018/7/16, 45, , , , , 
2018/7/17, 53, , , , , 
2018/7/18, 51, , , , , 
2018/7/19, 68, , , , , 
2018/7/20, 55, , , , , 
2018/7/21, 57, , , , , 
2018/7/22, 53, , , , , 
2018/7/23, 61, , , , , 
2018/7/24, 53, , , , , 
2018/7/25, 52, , , , , 
2018/7/26, 67, , , , , 
2018/7/27, 61, , , , , 
2018/7/28, 75, , , , , 
2018/7/29, 60, , , , , 
2018/7/30, 65, , , , , 
2018/7/31, 63, , , , , 
2018/8/1, 91, , , , , 
2018/8/2, 59, , , , , 
2018/8/3, 60, , , , , 
2018/8/4, 68, , , , , 
2018/8/5, 75, , , , , 
2018/8/6, 73, , , , , 
2018/8/7, 41, , , , , 
2018/8/8, 50, , , , , 
2018/8/9, 46, , , , , 
2018/8/10, 37, , , , , 
2018/8/11, 38, , , , , 
2018/8/12, 46, , , , , 
2018/8/13, 33, , , , , 
2018/8/14, 71, , , , , 
2018/8/15, 72, , , , , 
2018/8/16, 44, , , , , 
2018/8/17, 59, , , , , 
2018/8/18, 63, , , , , 
2018/8/19, 44, , , , , 
2018/8/20, 33, , , , , 
2018/8/21, 83, , , , , 
2018/8/22, 43, , , , , 
2018/8/23, 47, , , , , 
2018/8/24, 39, , , , , 
2018/8/25, 38, , 42, , 2, 4
2018/8/26, 43, , 47, , 1, 4
2018/8/27, 74, , 39, , 1, 4
2018/8/28, 47, , 44, , 1, 4
2018/8/29, 52, , 43, , 1, 3
2018/8/30, 36, , 49, , 1, 5
2018/8/31, 57, , 53, , 1, 5
2018/9/1, 57, , 46, , 3, 7
2018/9/2, 72, , 51, , 1, 5
2018/9/3, 56, , 47, , 1, 5
2018/9/4, 48, , 45, , 1, 4
2018/9/5, 33, , 71, , 1, 5
2018/9/6, 63, , 59, , 1, 5
2018/9/7, 55, , 45, , 3, 8
2018/9/8, 79, , 37, , 2, 5
2018/9/9, 63, , 41, , 1, 4
2018/9/10, 48, , 50, , 1, 4
2018/9/11, 59, , 58, , 1, 5
2018/9/12, 76, , 67, , 2, 6
2018/9/13, 60, , , , , 
2018/9/15, 75, , 44, , 2, 8
2018/9/16, 76, , 50, , 1, 9
2018/9/17, 58, , 38, , 3, 8
2018/9/18, 77, , 50, , 1, 6
2018/9/19, 61, , 49, , 1, 5
2018/9/20, 45, , 46, , 1, 4
2018/9/21, 41, , 43, , 1, 4
2018/9/22, 43, , 47, , 1, 6
2018/9/23, 53, , 38, , , 4
2018/9/24, 45, , , , , 
2018/9/26, 36, , 53, , 1, 7
2018/9/27, 48, , 47, , 3, 8
2018/9/28, 82, , 44, , 2, 5
2018/9/29, 58, , 53, , 2, 4
2018/9/30, 54, , 51, , 2, 4
2018/10/1, 84, , 60, , 4, 7
2018/4/2, 40, , , , , 
2018/4/3, 62, , , , , 
2018/4/4, 78, , , , , 
2018/4/5, 51, , , , , 
2018/4/6, 80, , , , , 
2018/4/7, 64, , , , , 
2018/4/8, 90, , , , , 
2018/4/9, 64, , , , , 
2018/4/10, 76, , , , , 
2018/4/11, 69, , , , , 
2018/4/12, 91, , , , , 
2018/4/13, 73, , , , , 
2018/4/14, 70, , , , , 
2018/4/15, 71, , , , , 
2018/4/16, 34, , , , , 
2018/4/17, 50, , , , , 
2018/4/18, 45, , , , , 
2018/4/19, 51, , , , , 
2018/4/20, 37, , , , , 
2018/4/21, 71, , , , , 
2018/4/23, 43, , , , , 
2018/4/24, 29, , , , , 
2018/4/25, 60, , , , , 
2018/4/26, 55, , , , , 
2018/4/27, 61, , , , , 
2018/4/28, 56, , , , , 
2018/4/29, 57, , , , , 
2018/4/30, 55, , , , , 
2018/5/1, 59, , , , , 
2018/5/2, 70, , , , , 
2018/5/3, 41, , , , , 
2018/5/4, 57, , , , , 
2018/5/5, 62, , , , , 
2018/5/6, 70, , , , , 
2018/5/7, 64, , , , , 
2018/5/8, 51, , , , , 
2018/5/9, 75, , , , , 
2018/5/10, 67, , , , , 
2018/5/11, 73, , , , , 
2018/5/12, 87, , , , , 
2018/5/13, 72, , , , , 
2018/5/14, 120, , , , , 
2018/5/15, 78, , , , , 
2018/5/16, 76, , , , , 
2018/5/17, 75, , , , , 
2018/5/18, 53, , , , , 
2018/5/19, 66, , , , , 
2018/5/20, 71, , , , , 
2018/5/21, 74, , , , , 
2018/5/22, 57, , , , , 
2018/5/23, 74, , , , , 
2018/5/24, 85, , , , , 
2018/5/25, 63, , , , , 
2018/5/26, 65, , , , , 
2018/5/27, 58, , , , , 
2018/5/28, 98, , , , , 
2018/5/29, 71, , , , , 
2018/5/30, 83, , , , , 
2018/5/31, 77, , , , , 
2018/6/1, 59, , , , , 
2018/6/2, 49, , , , , 
2018/6/3, 54, , , , , 
2018/6/4, 39, , , , , 
2018/6/5, 40, , , , , 
2018/6/6, 36, , , , , 
2018/6/7, 42, , , , , 
2018/6/8, 40, , , , , 
2018/6/9, 46, , , , , 
2018/6/10, 49, , , , , 
2018/6/11, 50, , , , , 
2018/6/12, 68, , , , , 
2018/6/13, 50, , , , , 
2018/6/14, 57, , , , , 
2018/6/15, 49, , , , , 
2018/6/16, 44, , , , , 
2018/6/18, 42, , , , , 
2018/6/19, 37, , , , , 
2018/6/20, 37, , , , , 
2018/6/21, 44, , , , , 
2018/6/22, 43, , , , , 
2018/6/23, 51, , , , , 
2018/6/24, 59, , , , , 
2018/6/25, 53, , , , , 
2018/6/26, 52, , , , , 
2018/6/27, 72, , , , , 
2018/6/28, 58, , , , , 
2018/6/29, 63, , , , , 
2018/6/30, 81, , , , , 
2018/7/1, 72, , , , , 
2018/1/2, 135, , , , , 
2018/1/3, 95, , , , , 
2018/1/4, 90, , , , , 
2018/1/5, 66, , , , , 
2018/1/6, 96, , , , , 
2018/1/7, 90, , , , , 
2018/1/8, 60, , , , , 
2018/1/9, 73, , , , , 
2018/1/10, 84, , , , , 
2018/1/11, 85, , , , , 
2018/1/12, 93, , , , , 
2018/1/13, 78, , , , , 
2018/1/14, 78, , , , , 
2018/1/15, 46, , , , , 
2018/1/16, 67, , , , , 
2018/1/17, 81, , , , , 
2018/1/18, 70, , , , , 
2018/1/19, 69, , , , , 
2018/1/20, 62, , , , , 
2018/1/21, 46, , , , , 
2018/1/23, 51, , , , , 
2018/1/24, 46, , , , , 
2018/1/25, 42, , , , , 
2018/1/26, 40, , , , , 
2018/1/27, 54, , , , , 
2018/1/28, 83, , , , , 
2018/1/29, 53, , , , , 
2018/1/30, 53, , , , , 
2018/1/31, 38, , , , , 
2018/2/1, 78, , , , , 
2018/2/2, 57, , , , , 
2018/2/3, 73, , , , , 
2018/2/4, 81, , , , , 
2018/2/5, 64, , , , , 
2018/2/6, 58, , , , , 
2018/2/7, 58, , , , , 
2018/2/8, 65, , , , , 
2018/2/9, 71, , , , , 
2018/2/10, 70, , , , , 
2018/2/11, 83, , , , , 
2018/2/12, 73, , , , , 
2018/2/13, 85, , , , , 
2018/2/14, 88, , , , , 
2018/2/15, 87, , , , , 
2018/2/16, 73, , , , , 
2018/2/17, 78, , , , , 
2018/2/18, 80, , , , , 
2018/2/19, 78, , , , , 
2018/2/20, 45, , , , , 
2018/2/21, 57, , , , , 
2018/2/22, 47, , , , , 
2018/2/23, 59, , , , , 
2018/2/24, 46, , , , , 
2018/2/25, 44, , , , , 
2018/2/26, 49, , , , , 
2018/2/27, 58, , , , , 
2018/2/28, 67, , , , , 
2018/3/1, 68, , , , , 
2018/3/2, 81, , , , , 
2018/3/3, 60, , , , , 
2018/3/4, 64, , , , , 
2018/3/5, 65, , , , , 
2018/3/6, 79, , , , , 
2018/3/7, 72, , , , , 
2018/3/8, 46, , , , , 
2018/3/9, 64, , , , , 
2018/3/10, 57, , , , , 
2018/3/11, 41, , , , , 
2018/3/12, 106, , , , , 
2018/3/13, 50, , , , , 
2018/3/14, 74, , , , , 
2018/3/15, 66, , , , , 
2018/3/16, 86, , , , , 
2018/3/17, 74, , , , , 
2018/3/18, 85, , , , , 
2018/3/19, 75, , , , , 
2018/3/20, 58, , , , , 
2018/3/21, 76, , , , , 
2018/3/22, 70, , , , , 
2018/3/23, 86, , , , , 
2018/3/24, 81, , , , , 
2018/3/25, 84, , , , , 
2018/3/26, 64, , , , , 
2018/3/27, 84, , , , , 
2018/3/28, 81, , , , , 
2018/3/29, 71, , , , , 
2018/3/30, 94, , , , , 
2018/3/31, 72, , , , , 
2018/4/1, 68, , , , , 
2017/10/2, 58, , , , , 
2017/10/3, 93, , , , , 
2017/10/4, 84, , , , , 
2017/10/5, 66, , , , , 
2017/10/6, 63, , , , , 
2017/10/7, 88, , , , , 
2017/10/8, 58, , , , , 
2017/10/9, 61, , , , , 
2017/10/10, 64, , , , , 
2017/10/11, 57, , , , , 
2017/10/12, 64, , , , , 
2017/10/13, 60, , , , , 
2017/10/14, 73, , , , , 
2017/10/15, 59, , , , , 
2017/10/16, 49, , , , , 
2017/10/17, 44, , , , , 
2017/10/18, 39, , , , , 
2017/10/19, 44, , , , , 
2017/10/20, 50, , , , , 
2017/10/21, 61, , , , , 
2017/10/22, 95, , , , , 
2017/10/23, 67, , , , , 
2017/10/24, 58, , , , , 
2017/10/25, 54, , , , , 
2017/10/26, 72, , , , , 
2017/10/27, 75, , , , , 
2017/10/28, 88, , , , , 
2017/10/29, 72, , , , , 
2017/10/30, 61, , , , , 
2017/10/31, 67, , , , , 
2017/11/1, 93, , , , , 
2017/11/2, 82, , , , , 
2017/11/3, 82, , , , , 
2017/11/4, 76, , , , , 
2017/11/5, 72, , , , , 
2017/11/6, 67, , , , , 
2017/11/7, 87, , , , , 
2017/11/8, 90, , , , , 
2017/11/9, 95, , , , , 
2017/11/10, 102, , , , , 
2017/11/11, 93, , , , , 
2017/11/12, 77, , , , , 
2017/11/13, 66, , , , , 
2017/11/14, 97, , , , , 
2017/11/17, 71, , , , , 
2017/11/18, 84, , , , , 
2017/11/19, 74, , , , , 
2017/11/20, 65, , , , , 
2017/11/21, 85, , , , , 
2017/11/22, 31, , , , , 
2017/11/24, 76, , , , , 
2017/11/25, 87, , , , , 
2017/11/26, 70, , , , , 
2017/11/27, 63, , , , , 
2017/11/28, 71, , , , , 
2017/12/5, 66, , , , , 
2017/12/6, 58, , , , , 
2017/12/7, 50, , , , , 
2017/12/8, 64, , , , , 
2017/12/9, 77, , , , , 
2017/12/10, 75, , , , , 
2017/12/11, 60, , , , , 
2017/12/12, 60, , , , , 
2017/12/13, 77, , , , , 
2017/12/14, 73, , , , , 
2017/12/15, 65, , , , , 
2017/12/16, 64, , , , , 
2017/12/17, 62, , , , , 
2017/12/18, 61, , , , , 
2017/12/19, 68, , , , , 
2017/12/20, 68, , , , , 
2017/12/21, 78, , , , , 
2017/12/22, 74, , , , , 
2017/12/23, 72, , , , , 
2017/12/24, 65, , , , , 
2017/12/25, 69, , , , , 
2017/12/26, 51, , , , , 
2017/12/27, 56, , , , , 
2017/12/28, 60, , , , , 
2017/12/29, 83, , , , , 
2017/12/30, 58, , , , , 
2018/1/1, 73, , , , , 
2017/7/2, 45, , , , , 
2017/7/3, 37, , , , , 
2017/7/4, 41, , , , , 
2017/7/5, 46, , , , , 
2017/7/6, 50, , , , , 
2017/7/7, 41, , , , , 
2017/7/8, 38, , , , , 
2017/7/9, 39, , , , , 
2017/7/10, 37, , , , , 
2017/7/11, 46, , , , , 
2017/7/12, 48, , , , , 
2017/7/13, 47, , , , , 
2017/7/14, 55, , , , , 
2017/7/15, 59, , , , , 
2017/7/16, 85, , , , , 
2017/7/17, 83, , , , , 
2017/7/18, 63, , , , , 
2017/7/19, 41, , , , , 
2017/7/20, 46, , , , , 
2017/7/21, 58, , , , , 
2017/7/22, 53, , , , , 
2017/7/23, 42, , , , , 
2017/7/24, 40, , , , , 
2017/7/25, 69, , , , , 
2017/7/26, 39, , , , , 
2017/7/27, 37, , , , , 
2017/7/28, 51, , , , , 
2017/7/29, 52, , , , , 
2017/7/30, 49, , , , , 
2017/7/31, 46, , , , , 
2017/8/1, 54, , , , , 
2017/8/2, 61, , , , , 
2017/8/3, 66, , , , , 
2017/8/4, 52, , , , , 
2017/8/5, 63, , , , , 
2017/8/6, 45, , , , , 
2017/8/7, 46, , , , , 
2017/8/8, 52, , , , , 
2017/8/9, 61, , , , , 
2017/8/10, 53, , , , , 
2017/8/11, 57, , , , , 
2017/8/12, 65, , , , , 
2017/8/13, 74, , , , , 
2017/8/14, 46, , , , , 
2017/8/15, 50, , , , , 
2017/8/16, 56, , , , , 
2017/8/17, 70, , , , , 
2017/8/18, 68, , , , , 
2017/8/19, 85, , , , , 
2017/8/20, 62, , , , , 
2017/8/21, 72, , , , , 
2017/8/22, 42, , , , , 
2017/8/23, 49, , , , , 
2017/8/24, 63, , , , , 
2017/8/25, 60, , , , , 
2017/8/26, 58, , , , , 
2017/8/27, 53, , , , , 
2017/8/28, 63, , , , , 
2017/8/29, 65, , , , , 
2017/8/30, 40, , , , , 
2017/8/31, 50, , , , , 
2017/9/1, 44, , , , , 
2017/9/2, 64, , , , , 
2017/9/3, 52, , , , , 
2017/9/4, 43, , , , , 
2017/9/5, 50, , , , , 
2017/9/6, 41, , , , , 
2017/9/11, 83, , , , , 
2017/9/12, 57, , , , , 
2017/9/13, 68, , , , , 
2017/9/15, 76, , , , , 
2017/9/16, 66, , , , , 
2017/9/17, 59, , , , , 
2017/9/18, 40, , , , , 
2017/9/19, 59, , , , , 
2017/9/20, 101, , , , , 
2017/9/21, 100, , , , , 
2017/9/22, 91, , , , , 
2017/9/23, 65, , , , , 
2017/9/24, 61, , , , , 
2017/9/26, 90, , , , , 
2017/9/27, 62, , , , , 
2017/9/28, 79, , , , , 
2017/9/29, 95, , , , , 
2017/9/30, 94, , , , , 
2017/10/1, 83, , , , , 
2017/5/18, 81, , , , , 
2017/5/19, 88, , , , , 
2017/5/20, 69, , , , , 
2017/5/21, 78, , , , , 
2017/5/22, 53, , , , , 
2017/5/23, 65, , , , , 
2017/5/24, 76, , , , , 
2017/5/25, 46, , , , , 
2017/5/26, 45, , , , , 
2017/5/27, 79, , , , , 
2017/5/28, 58, , , , , 
2017/5/29, 37, , , , , 
2017/5/30, 54, , , , , 
2017/5/31, 60, , , , , 
2017/6/1, 70, , , , , 
2017/6/2, 44, , , , , 
2017/6/3, 54, , , , , 
2017/6/4, 40, , , , , 
2017/6/5, 37, , , , , 
2017/6/6, 44, , , , , 
2017/6/7, 60, , , , , 
2017/6/8, 60, , , , , 
2017/6/9, 63, , , , , 
2017/6/10, 73, , , , , 
2017/6/11, 61, , , , , 
2017/6/12, 70, , , , , 
2017/6/13, 57, , , , , 
2017/6/14, 63, , , , , 
2017/6/15, 47, , , , , 
2017/6/16, 37, , , , , 
2017/6/17, 56, , , , , 
2017/6/18, 74, , , , , 
2017/6/19, 71, , , , , 
2017/6/20, 62, , , , , 
2017/6/21, 58, , , , , 
2017/6/22, 53, , , , , 
2017/6/23, 81, , , , , 
2017/6/24, 77, , , , , 
2017/6/25, 55, , , , , 
2017/6/26, 48, , , , , 
2017/6/27, 61, , , , , 
2017/6/28, 77, , , , , 
2017/6/29, 81, , , , , 
2017/6/30, 71, , , , , 
2017/7/1, 37, , , , , 
2016/7/2, , 30, 36, 22, 2, 
2016/7/3, , 38, 35, 17, 2, 
2016/7/4, , 34, 56, 12, 2, 5
2016/7/5, , 22, , , , 
2016/7/8, , 31, 40, 8, 1, 
2016/7/9, , 39, 40, 10, 1, 
2016/7/10, , 40, 41, 12, 2, 
2016/7/11, , 29, 39, 15, 2, 4
2016/7/12, , 39, 41, 22, 3, 
2016/7/13, , 37, 39, 25, 3, 
2016/7/14, , 52, 34, 22, 3, 
2016/7/15, , 39, 46, 24, 4, 
2016/7/16, , 46, 49, 22, 3, 
2016/7/17, , 45, 40, 16, 2, 
2016/7/18, , 37, 38, 12, 2, 5
2016/7/19, , 19, 41, 13, 2, 
2016/7/20, , 23, 27, 15, 4, 
2016/7/21, , 29, 29, 13, 2, 
2016/7/22, , 27, 31, 21, 7, 
2016/7/23, , 33, 32, 20, 4, 
2016/7/24, , 38, 38, 15, 3, 
2016/7/25, , 22, 32, 16, 3, 
2016/7/26, , 25, 39, 12, 2, 
2016/7/27, , 22, 33, 12, 2, 
2016/7/28, , 26, 41, 11, 2, 
2016/7/29, , 35, 38, 14, 3, 
2016/7/30, , 27, 35, 25, 4, 
2016/7/31, , 38, , , , 
2016/8/6, , 44, 47, 11, 3, 
2016/8/7, , 45, 37, 10, 2, 
2016/8/8, , 41, 38, 16, 3, 
2016/8/9, , 36, 35, 11, 2, 
2016/8/10, , 45, 40, 17, 3, 
2016/8/11, , 41, 44, 14, 2, 
2016/8/12, , 32, 44, 17, 3, 
2016/8/13, , 39, 58, 11, 2, 
2016/8/14, , 41, 55, 7, 2, 
2016/8/15, , 33, 45, 13, 3, 
2016/8/16, , 40, 48, 11, 3, 
2016/8/17, , 57, 42, 13, 3, 
2016/8/18, , 42, 36, 16, 3, 
2016/8/19, , 46, 42, 13, 3, 
2016/8/20, , 41, , , , 
2016/8/23, , 66, 66, 10, 3, 
2016/8/24, , 44, 94, 18, 3, 
2016/8/25, , 36, 53, 15, 3, 
2016/8/26, , 37, 39, 19, 3, 
2016/8/27, , 37, 40, 18, 3, 
2016/8/28, , 40, 53, 28, 4, 
2016/8/29, , 40, 57, 23, 4, 4
2016/8/30, , 39, 55, 18, 3, 
2016/8/31, , 23, , , , 
2016/4/2, , 30, 22, 26, 4, 
2016/4/3, , 24, 21, 30, 5, 
2016/4/4, , 20, 37, 25, 3, 
2016/4/5, , 41, 40, 14, 1, 
2016/4/6, , 15, 21, 8, 1, 
2016/4/7, , 15, 32, 22, 3, 
2016/4/8, , 29, 23, 16, 2, 
2016/4/9, , 26, 28, 20, 5, 
2016/4/10, , 31, 31, 16, 2, 
2016/4/11, , 26, 19, 25, 4, 12
2016/4/12, , 28, 19, 31, 5, 
2016/4/13, , 24, 32, 22, 3, 
2016/4/14, , 22, 45, 26, 3, 
2016/4/15, , 33, 37, 17, 1, 
2016/4/16, , 25, 40, 23, 2, 
2016/4/17, , 30, 29, 20, 2, 
2016/4/18, , 26, 24, 14, 1, 
2016/4/19, , 24, 31, 17, 2, 
2016/4/20, , 32, 28, 9, 1, 
2016/4/21, , 23, 28, 9, 1, 
2016/4/22, , 24, 26, 13, 1, 
2016/4/23, , 27, 29, 19, 3, 
2016/4/24, , 23, 33, 16, 2, 
2016/4/25, , 21, 48, 21, 2, 10
2016/4/26, , 34, 43, 21, 2, 
2016/4/27, , 30, 48, 20, 3, 
2016/4/28, , 30, 38, 22, 3, 
2016/4/29, , 21, 26, 24, 3, 
2016/4/30, , 38, 12, 15, 2, 
2016/5/1, , 26, 19, 20, 3, 
2016/5/2, , 20, 21, 23, 4, 9
2016/5/3, , 25, 33, 24, 6, 
2016/5/4, , 26, 25, 13, 2, 
2016/5/5, , 22, 26, 13, 2, 
2016/5/6, , 25, 24, 17, 3, 
2016/5/7, , 28, 23, 24, 9, 
2016/5/8, , 27, 30, 25, 2, 
2016/5/9, , 27, 32, 31, 5, 12
2016/5/10, , 32, 31, 32, 5, 
2016/5/11, , 26, 36, 28, 4, 
2016/5/12, , 35, 25, 18, 3, 
2016/5/13, , 29, 22, 10, 2, 
2016/5/14, , 25, 17, 9, 2, 
2016/5/15, , 24, 24, 8, 1, 
2016/5/16, , 18, 23, 15, 2, 5
2016/5/17, , 22, 29, 17, 3, 
2016/5/18, , 28, 26, 16, 3, 
2016/5/19, , 27, 32, 12, 2, 
2016/5/20, , 29, 26, 14, 3, 
2016/5/21, , 29, 27, 9, 2, 
2016/5/22, , 23, 23, 6, 2, 
2016/5/23, , 24, 27, 7, 2, 4
2016/5/24, , 31, 23, 11, 2, 
2016/5/25, , 31, 24, 17, 4, 
2016/5/26, , 33, 30, 15, 2, 
2016/5/27, , 24, 28, 19, 3, 
2016/5/28, , 70, 24, 28, 3, 
2016/5/29, , 26, 21, 30, 2, 
2016/5/30, , 18, 28, 31, 4, 
2016/5/31, , 35, 35, 28, 5, 
2016/6/1, , 34, 27, 16, 2, 
2016/6/2, , 24, 19, 24, 4, 
2016/6/3, , 26, 25, 26, 5, 
2016/6/4, , 28, 30, 24, 4, 
2016/6/5, , 35, 40, 16, 4, 
2016/6/6, , 26, 29, 26, 4, 494
2016/6/7, , 31, 31, 23, 3, 
2016/6/8, , 32, 31, 16, 3, 
2016/6/9, , 23, 38, 14, 1, 
2016/6/10, , 22, 36, 17, 2, 
2016/6/11, , 26, 30, 12, 2, 
2016/6/12, , 25, 31, 10, 1, 
2016/6/13, , 22, 18, 16, 3, 6
2016/6/14, , 33, 28, 10, 2, 
2016/6/15, , 18, 29, 9, 1, 
2016/6/16, , 28, 26, 11, 2, 
2016/6/17, , 25, 34, 13, 2, 
2016/6/18, , 35, 30, 17, 2, 
2016/6/19, , 31, 36, 12, 1, 
2016/6/20, , 24, 25, 16, 2, 8
2016/6/21, , 40, 34, 15, 2, 
2016/6/22, , 35, 32, 10, 1, 
2016/6/23, , 35, 32, 21, 2, 
2016/6/24, , 39, 21, 23, 3, 
2016/6/25, , 28, 29, 13, 2, 
2016/6/26, , 22, 31, 9, 1, 
2016/6/27, , 18, 34, 6, 1, 6
2016/6/28, , 16, 34, 8, 1, 
2016/6/29, , 50, 30, 9, 2, 
2016/6/30, , 38, 30, 10, 2, 
2016/7/1, , 32, 34, 12, 2, 
2016/3/17, , 26, 39, 17, 1, 
2016/3/18, , 23, 19, 12, 1, 
2016/3/19, , 26, 28, 16, 2, 
2016/3/20, , 24, 26, 19, 2, 
2016/3/21, , 19, 35, 17, 2, 
2016/3/22, , 21, 26, 13, 1, 6
2016/3/23, , 27, 29, 14, 1, 
2016/3/24, , 33, 35, 19, 3, 
2016/3/25, , 32, 38, 18, 3, 
2016/3/26, , 29, 42, 13, 1, 
2016/3/27, , 19, 15, 11, , 
2016/3/28, , 32, 44, 17, 3, 
2016/3/29, , 37, 52, 22, 11, 9
2016/3/30, , 38, 34, 23, 4, 
2016/3/31, , 13, 27, 15, 1, 
2016/4/1, , 39, 39, 27, 4, 
2015/10/2, , 50, 53, 30, 3, 
2015/10/3, , 57, 46, 23, 2, 
2015/10/4, , 39, 51, 15, 1, 
2015/10/5, , 36, 61, 18, 1, 6
2015/10/6, , 48, 51, 21, 1, 
2015/10/7, , 47, 47, 24, 1, 
2015/10/8, , 51, 69, 21, 1, 
2015/10/9, , 51, 51, 22, 1, 
2015/10/10, , 48, 41, 26, 1, 
2015/10/11, , 40, 39, 21, 2, 
2015/10/12, , 31, 44, 21, 1, 
2015/10/13, , 38, 31, 25, 1, 
2015/10/14, , 38, 30, 25, 2, 
2015/10/15, , 28, 28, 23, 2, 
2015/10/16, , 35, 36, 24, 2, 
2015/10/17, , 24, 37, 18, 1, 
2015/10/18, , 32, 42, 18, 1, 
2015/10/19, , 31, 56, 17, 1, 
2015/10/20, , 28, 43, 13, 1, 
2015/10/21, , 27, 43, 16, 1, 
2015/10/22, , 35, 62, 19, , 
2015/10/23, , 37, 56, 20, , 
2015/10/24, , 43, 60, 21, , 
2015/10/25, , 29, 43, 20, 1, 
2015/10/26, , 22, 56, 22, 1, 
2015/10/27, , 29, 62, 22, 1, 
2015/10/28, , 27, 58, 22, , 
2015/10/29, , 28, 55, 23, , 
2015/10/30, , 32, 59, 30, 1, 
2015/10/31, , 34, 37, 28, 1, 
2015/11/1, , 40, 39, 20, 1, 
2015/11/2, , 35, 40, 19, 1, 
2015/11/3, , 135, 52, 20, 2, 
2015/11/4, , 47, 31, 27, 3, 
2015/11/5, , 50, , , , 
2015/11/11, , 40, 53, 18, 3, 
2015/11/12, , 36, 60, 22, 2, 
2015/11/13, , 34, 51, 19, 1, 
2015/11/14, , 35, 44, 13, 1, 
2015/11/15, , 34, 36, 15, 1, 
2015/11/16, , 20, 43, 21, 1, 5
2015/11/17, , 26, 32, 26, 4, 
2015/11/18, , 33, 32, 27, 5, 
2015/11/19, , 30, 54, 25, 4, 
2015/11/20, , 35, 47, 27, 3, 
2015/11/21, , 38, 36, 29, 2, 
2015/11/22, , 37, 39, 22, 6, 
2015/11/23, , 38, 33, 33, 4, 
2015/11/24, , 43, , , , 
2015/7/2, , 42, 33, 7, 4, 
2015/7/3, , 32, 29, 8, 1, 
2015/7/4, , 37, 44, 9, 1, 
2015/7/5, , 37, 36, 11, 2, 
2015/7/6, , 28, 36, 12, 1, 
2015/7/7, , 29, 26, 24, 2, 
2015/7/8, , 24, 32, 26, 2, 
2015/7/9, , 30, 33, 13, 4, 
2015/7/10, , 27, 26, 11, 4, 
2015/7/11, , 25, 27, 8, 2, 
2015/7/12, , 24, 32, 14, 4, 
2015/7/13, , 23, 41, 16, 4, 4
2015/7/14, , 31, 31, 20, 5, 
2015/7/15, , 37, 36, 18, 5, 
2015/7/16, , 39, 33, 16, 5, 
2015/7/17, , 34, 43, 10, 2, 
2015/7/18, , 44, 31, 14, 2, 
2015/7/19, , 29, 35, 20, 3, 
2015/7/20, , 33, 34, 23, 4, 9
2015/7/21, , 32, 30, 21, 5, 
2015/7/22, , 33, 29, 14, 3, 
2015/7/23, , 27, 31, 15, 4, 
2015/7/24, , 27, 36, 8, 1, 
2015/7/25, , 23, 32, 8, 1, 
2015/7/26, , 24, 40, 7, 2, 
2015/7/27, , 26, 29, 8, 2, 3
2015/7/28, , 25, 31, 14, 3, 
2015/7/29, , 39, 35, 10, 2, 
2015/7/30, , 29, 33, 9, 2, 
2015/7/31, , 30, 38, 7, 1, 
2015/8/1, , 31, 36, 8, 1, 
2015/8/2, , 35, 38, 6, 3, 
2015/8/3, , 42, 41, 6, 2, 3
2015/8/4, , 45, 36, 6, 2, 
2015/8/5, , 43, 42, 6, 2, 
2015/8/6, , 36, 52, 12, 2, 
2015/8/7, , 41, 41, 17, 2, 
2015/8/8, , 42, 40, 22, 3, 
2015/8/9, , 44, 42, 15, 2, 
2015/8/10, , 29, 44, 14, 3, 4
2015/8/11, , 32, 45, 13, 7, 
2015/8/12, , 37, 42, 12, 3, 
2015/8/13, , 30, 53, 12, 2, 
2015/8/14, , 39, 30, 15, 6, 
2015/8/15, , 47, 39, 17, 6, 
2015/8/16, , 48, 59, 15, 2, 
2015/8/17, , 39, 50, 10, 2, 4
2015/8/18, , 38, 63, 8, 2, 
2015/8/19, , 44, 52, 8, , 
2015/8/20, , 44, 40, 7, 2, 
2015/8/21, , 41, 47, 8, 2, 
2015/8/22, , 43, 57, 14, 1, 
2015/8/23, , 57, 43, 13, 1, 
2015/8/24, , 52, 38, 13, 1, 5
2015/8/25, , 46, 39, 15, 2, 
2015/8/26, , 43, 50, 20, 2, 
2015/8/27, , 49, 52, 21, 3, 
2015/8/28, , 47, 38, 14, 2, 
2015/8/29, , 52, 41, 7, , 
2015/8/30, , 71, 43, 6, 1, 
2015/8/31, , 56, 41, 11, 1, 4
2015/9/1, , 53, 39, 16, 2, 
2015/9/2, , 39, 44, 10, 1, 
2015/9/3, , 51, 50, 13, 1, 
2015/9/4, , 53, 59, 10, 1, 
2015/9/5, , 56, 53, 14, 2, 
2015/9/6, , 50, 32, 8, 1, 
2015/9/7, , 25, 44, 23, 2, 10
2015/9/8, , 54, 64, 19, 4, 
2015/9/9, , 56, 52, 19, 2, 
2015/9/10, , 47, 92, 18, 1, 
2015/9/11, , 52, 90, 18, 1, 
2015/9/12, , 57, 96, 10, 1, 
2015/9/13, , 67, 115, 9, 1, 
2015/9/14, , 86, 131, 13, 3, 5
2015/9/15, , 82, 99, 11, 1, 
2015/9/16, , 53, 58, 16, 2, 
2015/9/17, , 49, 68, 27, 1, 
2015/9/18, , 48, 54, 34, 2, 
2015/9/19, , 49, 54, 25, 2, 
2015/9/20, , 26, 49, 25, 2, 
2015/9/21, , 42, 48, 28, 2, 6
2015/9/22, , 35, 46, 25, 2, 
2015/9/23, , 37, 42, 25, 2, 
2015/9/24, , 41, 49, 24, 2, 
2015/9/25, , 47, 53, 26, 2, 
2015/9/26, , 47, 48, 27, 2, 
2015/9/27, , 54, 46, 24, 2, 
2015/9/28, , 44, 62, 29, 2, 6
2015/9/29, , 49, 70, 36, 2, 
2015/9/30, , 48, 56, 31, 3, 
2015/10/1, , 54, 39, 29, 2, 
2020/9/30, , , 25, , 1, 3
2020/5/22, , , 32, , 1, 5
2020/1/1, , , 20, , 4, 4
2020/2/12, , , 28, , 4, 7
2020/3/16, , , 21, , 9, 3
2019/10/22, , , 30, , 2, 6
2019/4/24, , , 14, , 2, 7
2019/6/16, , , 26, , 2, 3
2019/6/17, , , 21, , 1, 2
2019/6/18, , , 24, , 1, 2
2019/6/19, , , 30, , 1, 3
2019/1/1, , , 31, , 28, 6
2018/12/23, , , 8, , 3, 6
2018/9/14, , , 31, , 2, 9
2018/9/25, , , 50, , , 5
2016/7/7, , , 26, 7, 1, 
2016/8/5, , , 41, 12, 2, 
2016/8/22, , , 54, 9, 2, 
2016/1/8, , , 7, 28, 8, 8
2016/1/9, , , 60, 23, 5, 11
2016/1/10, , , 66, 27, 5, 12
2016/1/11, , , 28, 15, 6, 9
2016/1/12, , , 32, 18, 4, 8
2016/1/13, , , 28, 20, 5, 7
2016/1/14, , , 13, 22, 4, 8
2016/1/15, , , 46, 22, 5, 6
2016/1/16, , , 66, 28, 6, 9
2016/1/17, , , 45, 17, 3, 6
2016/1/18, , , 39, 23, 6, 8
2016/1/19, , , 55, 19, 4, 6
2016/1/20, , , 50, 25, 5, 8
2016/1/21, , , 23, 28, 6, 7
2016/1/22, , , 37, 29, 5, 8
2016/1/23, , , 41, 25, 5, 7
2016/1/24, , , 36, 12, 2, 6
2016/1/25, , , 34, 11, 1, 6
2016/1/26, , , 14, 23, 2, 8
2016/1/27, , , 56, 18, 4, 
2016/1/28, , , 83, 20, 4, 
2016/1/29, , , 67, 27, 5, 
2016/1/30, , , 37, 34, 6, 
2016/1/31, , , 29, 25, 2, 
2016/2/1, , , 55, 31, 4, 
2016/2/2, , , 69, 20, 4, 8
2016/2/3, , , 74, 20, 4, 8
2016/2/4, , , 49, 31, 7, 10
2016/2/5, , , 58, 27, 2, 8
2016/2/6, , , 49, 30, 4, 8
2016/2/7, , , 58, 20, , 8
2016/2/8, , , 46, 9, , 6
2016/2/9, , , 35, 15, 2, 6
2016/2/10, , , 35, 22, 6, 6
2016/2/11, , , 31, 20, 4, 7
2016/2/12, , , 31, 21, 6, 8
2016/2/13, , , 39, 19, 2, 7
2016/2/14, , , 33, 14, , 7
2016/2/15, , , 30, 7, , 5
2016/2/16, , , 33, 15, 4, 8
2016/2/17, , , 36, 13, , 
2016/2/18, , , 38, 22, 1, 
2016/2/19, , , 40, 22, 2, 
2016/2/20, , , 39, 16, , 
2016/2/21, , , 38, 19, 1, 
2016/2/22, , , 50, 17, 1, 
2016/2/23, , , 35, 23, 3, 8
2016/2/24, , , 45, 24, 1, 8
2016/2/25, , , 24, 32, 3, 10
2016/2/26, , , 32, 32, 4, 10
2016/2/27, , , 30, 25, 2, 9
2016/2/28, , , 47, 23, 4, 8
2016/2/29, , , 44, 23, 2, 10
2016/3/1, , , 36, 24, 6, 8
2016/3/2, , , 17, 28, 3, 9
2016/3/3, , , 33, 22, 4, 10
2016/3/4, , , 22, 23, 2, 9
2016/3/5, , , 20, 24, 4, 11
2016/3/6, , , 28, 29, 6, 11
2016/3/7, , , 38, 22, 2, 10
2016/3/8, , , 22, 28, 3, 11
2016/3/9, , , 45, 24, 4, 12
2016/3/10, , , 40, 30, 6, 12
2016/3/11, , , 55, 34, 6, 10
2016/3/12, , , 51, 26, 4, 8
2016/3/13, , , 40, 29, 4, 12
2016/3/14, , , 40, 26, 5, 8
2016/3/15, , , 52, 29, 4, 11
2016/3/16, , , 42, 14, 1, 
2015/11/10, , , 45, 26, 4, 
2015/7/1, , , 33, 7, 1, 
2015/4/2, , , 47, 25, 5, 7
2015/4/3, , , 47, 16, 2, 7
2015/4/4, , , 39, 18, 3, 8
2015/4/5, , , 46, 16, 2, 7
2015/4/6, , , 38, 16, 2, 7
2015/4/7, , , 39, 19, 4, 11
2015/4/8, , , 30, 11, , 
2015/4/9, , , 47, 17, 1, 8
2015/4/10, , , 40, 19, 2, 7
2015/4/11, , , 53, 19, 3, 7
2015/4/12, , , 40, 17, 2, 6
2015/4/13, , , 40, 16, 2, 5
2015/4/14, , , 39, 18, 2, 6
2015/4/15, , , 31, 19, 4, 
2015/4/16, , , 43, 20, 6, 7
2015/4/17, , , 35, 25, 2, 9
2015/4/18, , , 33, 40, 6, 13
2015/4/19, , , 52, 27, 3, 10
2015/4/20, , , 45, 29, 4, 11
2015/4/21, , , 42, 29, 4, 13
2015/4/22, , , 34, 28, 9, 
2015/4/23, , , 35, 16, 2, 8
2015/4/24, , , 32, 16, 4, 6
2015/4/25, , , 28, 12, 5, 8
2015/4/26, , , 28, 13, 2, 7
2015/4/27, , , 30, 14, 2, 8
2015/4/28, , , 27, 10, 1, 5
2015/4/29, , , 31, 11, 1, 
2015/4/30, , , 35, 18, 5, 
2015/5/1, , , 43, 20, 11, 
2015/5/5, , , 43, 24, 4, 14
2015/5/6, , , 41, 17, 3, 
2015/5/7, , , 41, 10, 2, 6
2015/5/8, , , 40, 9, 2, 5
2015/5/9, , , 35, 12, 2, 6
2015/5/10, , , 30, 9, 1, 6
2015/5/11, , , 23, 9, 2, 6
2015/5/12, , , 30, 14, 2, 8
2015/5/13, , , 25, 13, 2, 
2015/5/14, , , 31, 17, 2, 7
2015/5/15, , , 26, 18, 3, 6
2015/5/16, , , 34, 21, 4, 7
2015/5/17, , , 36, 23, 5, 9
2015/5/18, , , 44, 23, 3, 9
2015/5/19, , , 21, 7, 1, 6
2015/5/20, , , 35, 7, 1, 
2015/5/21, , , 27, 12, 3, 8
2015/5/22, , , 21, 13, 1, 5
2015/5/23, , , 31, 15, 3, 7
2015/5/24, , , 27, 13, 3, 7
2015/5/25, , , 39, 16, 2, 6
2015/5/26, , , 24, 24, 5, 7
2015/5/27, , , 29, 24, 5, 
2015/5/28, , , 30, 20, 5, 
2015/5/29, , , 23, 18, 3, 
2015/5/30, , , 22, 29, 5, 
2015/5/31, , , 35, 26, 4, 
2015/6/1, , , 24, 18, 4, 
2015/6/2, , , 23, 12, 2, 5
2015/6/3, , , 33, 9, , 3
2015/6/4, , , 32, 12, 2, 3
2015/6/5, , , 33, 10, 1, 3
2015/6/6, , , 36, 15, 1, 4
2015/6/7, , , 37, 19, 2, 6
2015/6/8, , , 36, 13, 2, 5
2015/6/9, , , 28, 13, 1, 5
2015/6/10, , , 33, 19, 3, 7
2015/6/11, , , 31, 19, 2, 7
2015/6/12, , , 30, 9, 2, 5
2015/6/13, , , 29, 12, 2, 5
2015/6/14, , , 27, 14, 2, 6
2015/6/15, , , 36, 14, 3, 8
2015/6/16, , , 28, 7, 2, 4
2015/6/17, , , 28, 8, 1, 4
2015/6/18, , , 28, 12, 2, 5
2015/6/19, , , 26, 8, 1, 4
2015/6/20, , , 37, 8, 1, 4
2015/6/21, , , 32, 8, 1, 5
2015/6/22, , , 29, 8, 1, 5
2015/6/23, , , 28, 5, 1, 4
2015/6/24, , , 28, 5, 1, 4
2015/6/25, , , 33, 6, 1, 4
2015/6/26, , , 34, 6, 1, 3
2015/6/27, , , 32, 5, 1, 3
2015/6/28, , , 40, 5, , 3
2015/6/29, , , 40, 4, , 3
2015/6/30, , , 32, 7, 1, 3
2015/1/2, , , 39, 13, 2, 7
2015/1/3, , , 32, 8, , 6
2015/1/4, , , 33, 15, 4, 6
2015/1/5, , , 30, 16, 3, 7
2015/1/6, , , 33, 10, , 6
2015/1/7, , , 39, 9, , 5
2015/1/8, , , 33, 9, 1, 4
2015/1/9, , , 31, 17, 3, 5
2015/1/10, , , 28, 20, 5, 5
2015/1/11, , , 27, 10, , 4
2015/1/12, , , 37, 19, 5, 5
2015/1/13, , , 30, 22, 4, 7
2015/1/14, , , 34, 14, 2, 5
2015/1/15, , , 45, 19, 3, 7
2015/1/16, , , 38, 22, 2, 7
2015/1/17, , , 35, 32, 6, 7
2015/1/18, , , 26, 32, 3, 8
2015/1/19, , , 28, 59, 9, 9
2015/1/20, , , 23, 31, 3, 8
2015/1/21, , , 24, 29, 5, 8
2015/1/22, , , 26, 22, 2, 8
2015/1/23, , , 23, 28, 5, 10
2015/1/24, , , 28, 23, 4, 11
2015/1/25, , , 29, 13, 2, 7
2015/1/26, , , 45, 19, 5, 12
2015/1/27, , , 31, 17, 3, 
2015/1/28, , , 30, 13, 2, 
2015/1/29, , , 36, 17, 5, 
2015/1/30, , , 32, 28, 7, 
2015/1/31, , , 33, 14, 3, 
2015/2/1, , , 31, 7, 3, 5
2015/2/2, , , 27, 6, 1, 4
2015/2/3, , , 28, 5, 1, 4
2015/2/4, , , 23, 12, 4, 6
2015/2/5, , , 27, 13, 3, 6
2015/2/6, , , 31, 19, 5, 9
2015/2/7, , , 40, 24, 4, 10
2015/2/8, , , 23, 17, 3, 7
2015/2/9, , , 28, 14, 2, 5
2015/2/10, , , 17, 17, 3, 
2015/2/11, , , 35, 16, 3, 
2015/2/12, , , 36, 14, 2, 6
2015/2/13, , , 37, 12, 2, 6
2015/2/14, , , 29, 15, 2, 8
2015/2/15, , , 30, 10, 1, 5
2015/2/16, , , 44, 12, 3, 5
2015/2/17, , , 52, 13, 2, 
2015/2/18, , , 58, 18, 5, 6
2015/2/19, , , 47, 16, 2, 6
2015/2/20, , , 15, 16, 2, 6
2015/2/21, , , 40, 21, 5, 8
2015/2/22, , , 49, 16, 3, 6
2015/2/23, , , 81, 19, 3, 4
2015/2/24, , , 53, 24, 5, 
2015/2/25, , , 67, 20, 5, 
2015/2/26, , , 71, 18, 4, 
2015/2/27, , , 71, 25, 5, 
2015/2/28, , , 51, 22, 5, 
2015/3/1, , , 49, 17, 3, 7
2015/3/2, , , 51, 19, 3, 6
2015/3/3, , , 55, 18, 2, 
2015/3/4, , , 60, 16, 2, 8
2015/3/5, , , 44, 14, 2, 7
2015/3/6, , , 50, 17, 3, 8
2015/3/7, , , 43, 19, 3, 9
2015/3/8, , , 37, 5, , 5
2015/3/9, , , 34, 7, , 5
2015/3/10, , , 26, 9, , 
2015/3/11, , , 29, 8, , 4
2015/3/12, , , 34, 18, 3, 6
2015/3/13, , , 41, 22, 1, 7
2015/3/14, , , 37, 24, 4, 8
2015/3/15, , , 38, 21, 2, 7
2015/3/16, , , 37, 24, 5, 10
2015/3/17, , , 32, , 5, 
2015/3/18, , , 21, , 6, 8
2015/3/19, , , 18, , 10, 8
2015/3/20, , , 15, , 7, 7
2015/3/21, , , 30, , 4, 6
2015/3/22, , , 32, , 4, 6
2015/3/23, , , 10, , 5, 10
2014/11/2, , , 53, 16, 2, 6
2014/11/3, , , 41, 16, 3, 6
2014/11/4, , , 39, 18, 3, 7
2014/11/5, , , 29, 21, 2, 9
2014/11/6, , , 38, 20, 2, 8
2014/11/7, , , 52, 17, 2, 5
2014/11/8, , , 43, 20, 2, 6
2014/11/9, , , 43, 22, 1, 7
2014/11/10, , , 49, 28, 3, 7
2014/11/11, , , 36, 30, 5, 8
2014/11/12, , , 31, 17, 2, 6
2014/11/13, , , 21, 18, 2, 6
2014/11/14, , , 23, 18, 1, 8
2014/11/15, , , 28, 25, 3, 10
2014/11/16, , , 38, 24, 5, 8
2014/11/17, , , 33, 17, 2, 7
2014/11/18, , , 29, 16, 3, 6
2014/11/19, , , 33, 23, 3, 8
2014/11/20, , , 23, 21, 3, 9
2014/11/21, , , 24, 25, 10, 8
2014/11/22, , , 24, 22, 7, 8
2014/11/23, , , 21, 19, 6, 9
2014/11/24, , , 28, 19, 6, 7
2014/11/25, , , 28, 20, 3, 7
2014/11/26, , , 28, 22, 8, 7
2014/11/27, , , 25, 17, 6, 6
2014/11/28, , , 30, 12, 4, 6
2014/11/29, , , 36, 12, 3, 7
2014/11/30, , , 30, 10, 3, 6
2014/12/1, , , 31, , , 
2015/1/1, , , , 27, 10, 13
2015/4/1, , , , 33, 6, 11
2014/11/1, , , , 20, 3, 8
2016/10/9, , , , , 1, 7
2016/10/10, , , , , 1, 7
2016/10/11, , , , , 1, 7
2016/10/12, , , , , 1, 6
2016/10/13, , , , , 1, 5
2016/10/14, , , , , 2, 4
2016/10/15, , , , , 2, 4
2016/10/16, , , , , 1, 8
2016/10/17, , , , , 2, 6
2016/10/18, , , , , 2, 4
2016/10/19, , , , , 1, 4
2016/10/20, , , , , 1, 5
2016/10/21, , , , , 2, 5
2016/10/22, , , , , 2, 
2016/10/25, , , , , 3, 6
2016/10/26, , , , , 3, 6
2016/10/27, , , , , 2, 6
2016/10/28, , , , , 2, 9
2016/10/29, , , , , 4, 5
2016/10/30, , , , , 1, 6
2016/10/31, , , , , 2, 7
2016/11/1, , , , , 2, 8
2016/11/2, , , , , 2, 6
2016/11/3, , , , , 2, 5
2016/11/4, , , , , 3, 5
2016/11/5, , , , , 1, 4
2016/11/6, , , , , 1, 5
2016/11/7, , , , , 1, 6
2016/11/8, , , , , 1, 
2015/3/24, , , , , 10, 
2015/3/25, , , , , 6, 6
2015/3/26, , , , , 10, 8
2015/3/27, , , , , 4, 7
2015/3/28, , , , , 5, 
2015/3/29, , , , , 3, 
2015/3/30, , , , , 8, 
2015/3/31, , , , , 9, 
2016/10/8, , , , , , 7
2016/10/24, , , , , , 7